AREA_CODE,LGA_CODE,PLM_ID,PERIMETER,NAME,REC_SBCAT,LGA_NAME
34,301,21177,1052.94393,ALEXANDRA GARDENS,PARKLANDS AND GARDENS,ARARAT
34,301,21491,443.2060095,ARARAT PUBLIC RECREATION RESERVE,PARKLANDS AND GARDENS,ARARAT
34,301,21498,182.5189776,ARARAT SOLDIERS MEMORIAL PARK,PARKLANDS AND GARDENS,ARARAT
34,301,27024,2040.484294,CEMETERY CREEK PUBLIC OPEN SPACE,PARKLANDS AND GARDENS,ARARAT
34,301,32918,177.146966,EMU PARK,PARKLANDS AND GARDENS,ARARAT
34,301,36544,162.1994982,HEWITT STREET CHILDREN'S PLAYGROUND,PARKLANDS AND GARDENS,ARARAT
34,301,36637,144.2756163,HIGH STREET CHILDREN'S PLAYGROUND,PARKLANDS AND GARDENS,ARARAT
34,301,48897,453.7969907,PUBLIC PARK1,PARKLANDS AND GARDENS,ARARAT
34,301,49119,202.0248704,QUEEN STREET CHILDRENS PLAYGROUND,PARKLANDS AND GARDENS,ARARAT
34,301,49122,228.2834492,QUEEN STREET CHILDRENS PLAYGROUND,PARKLANDS AND GARDENS,ARARAT
34,301,58829,399.3292611,WARRAWEE PUBLIC PARK,PARKLANDS AND GARDENS,ARARAT
39,303,19768,122.5683015,WARRINGAL PARKLANDS,PARKLANDS AND GARDENS,BANYULE
39,303,35907,1030.889861,GREENWOOD DRIVE PUBLIC PARK - BUNDOORA,PARKLANDS AND GARDENS,BANYULE
39,303,36501,210.4645394,HEIDELBERG PUBLIC PARK,PARKLANDS AND GARDENS,BANYULE
39,303,36370,533.699791,HARRY POTTAGE RESERVE - MACLEOD,PARKLANDS AND GARDENS,BANYULE
39,303,36371,381.9794241,HARRY POTTAGE RESERVE - MACLEOD,PARKLANDS AND GARDENS,BANYULE
39,303,36372,322.8974857,HARRY POTTAGE RESERVE - MACLEOD,PARKLANDS AND GARDENS,BANYULE
39,303,54873,175.9472348,THE BOULEVARD RESERVE - IVANHOE,PARKLANDS AND GARDENS,BANYULE
39,303,58862,535.3657974,WARRINGAL PARKLANDS,PARKLANDS AND GARDENS,BANYULE
39,303,58863,141.490145,WARRINGAL PARKLANDS,PARKLANDS AND GARDENS,BANYULE
39,303,58864,49.20406645,WARRINGAL PARKLANDS,PARKLANDS AND GARDENS,BANYULE
39,303,58865,330.1867329,WARRINGAL PLACE REMEMBRANCE PARK,PARKLANDS AND GARDENS,BANYULE
32,304,29637,354.7387181,CORINELLA PARKLAND - THE ESPLANADE,PARKLANDS AND GARDENS,BASS COAST
32,304,36092,251.8836976,HAGELTHORN STREET PARK,PARKLANDS AND GARDENS,BASS COAST
32,304,41764,270.7438107,MC BRIDE AVE GARDENS & INFO CENTRE,PARKLANDS AND GARDENS,BASS COAST
32,304,46965,251.5029929,PARKLAND NORTH OF MINERS REST HOTEL,PARKLANDS AND GARDENS,BASS COAST
32,304,48929,107.162499,PUBLIC RECREATION RESERVE,PARKLANDS AND GARDENS,BASS COAST
32,304,58689,284.9621424,WAR MEMORIAL,PARKLANDS AND GARDENS,BASS COAST
32,304,61713,126.8069525,WONTHAGGI CHILDRENS PLAYGROUND RESERVE,PARKLANDS AND GARDENS,BASS COAST
32,304,61737,345.4853514,WONTHAGGI PUBLIC RECREATION RESERVE,PARKLANDS AND GARDENS,BASS COAST
32,305,21171,260.2708002,ALEX GOUDI MORTON PARK MEMORIAL RESERVE,PARKLANDS AND GARDENS,BAW BAW
32,305,32084,176.4123698,DROUIN ORNAMENTAL PLANTATION,PARKLANDS AND GARDENS,BAW BAW
32,305,32093,223.75138,DROUIN WEST PLAYGROUND RESERVE,PARKLANDS AND GARDENS,BAW BAW
32,305,34859,1235.042484,GLEN CROMIE PARK,PARKLANDS AND GARDENS,BAW BAW
32,305,37518,406.3087316,JAMES BALFOUR RESERVE - TRAFALGAR,PARKLANDS AND GARDENS,BAW BAW
32,305,45672,626.2907391,NOOJEE STATION GROUND PARKLAND,PARKLANDS AND GARDENS,BAW BAW
32,305,45673,869.8721343,NOOJEE STATION GROUND PARKLAND,PARKLANDS AND GARDENS,BAW BAW
32,305,45674,853.2250852,NOOJEE STATION GROUND PARKLAND,PARKLANDS AND GARDENS,BAW BAW
32,305,45675,1027.089063,NOOJEE STATION GROUND PARKLAND,PARKLANDS AND GARDENS,BAW BAW
32,305,46474,188.2825937,ORNAMENTAL PLANTATION,PARKLANDS AND GARDENS,BAW BAW
32,305,47365,156.7666994,PIONEER PARK - THORPDALE,PARKLANDS AND GARDENS,BAW BAW
32,305,62375,344.3060127,YARRAGON CHILDRENS PLAYGROUND RESERVE,PARKLANDS AND GARDENS,BAW BAW
39,306,28760,744.5525502,CHELTENHAM PARK ARBORETUM,PARKLANDS AND GARDENS,BAYSIDE
39,306,30031,137.1037205,CROSS STREET RESERVE - BRIGHTON,PARKLANDS AND GARDENS,BAYSIDE
39,306,32835,2551.959805,ELSTERNWICK PARK,PARKLANDS AND GARDENS,BAYSIDE
39,306,32836,527.410206,ELSTERNWICK PARK,PARKLANDS AND GARDENS,BAYSIDE
39,306,32837,185.8719678,ELSTERNWICK PARK,PARKLANDS AND GARDENS,BAYSIDE
39,306,55533,462.9692327,TRIANGLE GARDENS - HAMPTON,PARKLANDS AND GARDENS,BAYSIDE
39,307,25997,285.7998301,CAMBERWELL GARDENS,PARKLANDS AND GARDENS,BOROONDARA
39,307,38055,1616.336899,KEW RECREATION RESERVE,PARKLANDS AND GARDENS,BOROONDARA
39,307,38056,696.2488659,KEW RECREATION RESERVE,PARKLANDS AND GARDENS,BOROONDARA
39,307,44910,457.7114735,MUSWELL HILL RESERVE - BOROONDARA,PARKLANDS AND GARDENS,BOROONDARA
39,307,48107,440.2946873,PRINCESS STREET PARKLAND - KEW,PARKLANDS AND GARDENS,BOROONDARA
39,307,53119,347.8428023,ST JAMES PARK,PARKLANDS AND GARDENS,BOROONDARA
39,307,53120,444.6258442,ST JAMES PARK,PARKLANDS AND GARDENS,BOROONDARA
39,307,53121,396.05245,ST JAMES PARK,PARKLANDS AND GARDENS,BOROONDARA
39,307,61416,129.2927282,WINDELLA AVENUE RESERVE - KEW,PARKLANDS AND GARDENS,BOROONDARA
39,308,21517,547.7093285,ARDEER COMMUNITY PARK,PARKLANDS AND GARDENS,BRIMBANK
39,308,24417,660.1619081,BONFIELD RESERVE - KEILOR,PARKLANDS AND GARDENS,BRIMBANK
39,308,25739,598.666845,BURNSIDE PARK,PARKLANDS AND GARDENS,BRIMBANK
39,308,25740,93.81285775,BURNSIDE PARK,PARKLANDS AND GARDENS,BRIMBANK
39,308,26793,293.2456969,CAROLINE CHISHOLM PARK - KEILOR,PARKLANDS AND GARDENS,BRIMBANK
39,308,37960,140.7270023,KEILOR CHILDRENS PLAYGROUND,PARKLANDS AND GARDENS,BRIMBANK
39,308,37961,74.87052877,KEILOR CHILDRENS PLAYGROUND,PARKLANDS AND GARDENS,BRIMBANK
39,308,37962,119.4317602,KEILOR CHILDRENS PLAYGROUND,PARKLANDS AND GARDENS,BRIMBANK
39,308,37440,898.2725344,ISABELLA WILLIAMS MEMORIAL RESERVE - DEER PARK,PARKLANDS AND GARDENS,BRIMBANK
39,308,38821,402.8609841,LAGOON RESERVE - KEILOR,PARKLANDS AND GARDENS,BRIMBANK
39,308,41756,410.4822155,MATTHEW HILL RESERVE - SUNSHINE,PARKLANDS AND GARDENS,BRIMBANK
39,308,41757,1137.799116,MATTHEW HILL RESERVE - SUNSHINE,PARKLANDS AND GARDENS,BRIMBANK
39,308,47364,1276.575339,PIONEER PARK - SYDENHAM,PARKLANDS AND GARDENS,BRIMBANK
34,309,28725,153.6186766,CHARLTON CHILDRENS PLAYGROUND,PARKLANDS AND GARDENS,BULOKE
38,310,21246,304.469151,ALTON GARDENS RESERVE - ECHUCA,PARKLANDS AND GARDENS,CAMPASPE
34,310,34829,202.0174524,GIRGARRE PUBLIC PARK RESERVE,PARKLANDS AND GARDENS,CAMPASPE
34,310,34830,171.4491008,GIRGARRE PUBLIC PARK RESERVE,PARKLANDS AND GARDENS,CAMPASPE
38,310,37025,223.7211155,HOPWOOD GARDEN RESERVE,PARKLANDS AND GARDENS,CAMPASPE
38,310,42139,167.1817428,MEMORIAL WALL - LOKINGTON,PARKLANDS AND GARDENS,CAMPASPE
38,310,46945,563.2543058,PARK ECHUCA,PARKLANDS AND GARDENS,CAMPASPE
34,310,46976,289.0281211,PARKLANDS AND GARDENS,PARKLANDS AND GARDENS,CAMPASPE
34,310,51517,497.7097369,RUSHWORTH RECREATION RESERVE (LIONS PARK),PARKLANDS AND GARDENS,CAMPASPE
34,310,53162,131.9702986,STANHOPE MEMORIAL PARK,PARKLANDS AND GARDENS,CAMPASPE
41,311,15921,555.6623301,"DEPARTMENT OF PLANNING LAND, CARDINIA",PARKLANDS AND GARDENS,CARDINIA
39,311,39570,600.8351668,LANG LANG PRIMARY SCHOOL ARBORETUM,PARKLANDS AND GARDENS,CARDINIA
39,311,38511,377.8392989,KOOLONGARRA PARK - BUNYIP,PARKLANDS AND GARDENS,CARDINIA
39,312,29841,362.3474956,CRANBOURNE ROTARY PARK,PARKLANDS AND GARDENS,CASEY
39,312,51351,5065.951502,ROYAL BOTANIC GARDENS - CRANBOURNE1,PARKLANDS AND GARDENS,CASEY
39,312,51352,1795.328514,ROYAL BOTANIC GARDENS - CRANBOURNE1,PARKLANDS AND GARDENS,CASEY
39,312,51353,3691.898968,ROYAL BOTANIC GARDENS - CRANBOURNE1,PARKLANDS AND GARDENS,CASEY
39,312,51354,7943.319299,ROYAL BOTANIC GARDENS - CRANBOURNE1,PARKLANDS AND GARDENS,CASEY
39,312,51355,2208.551622,ROYAL BOTANIC GARDENS - CRANBOURNE1,PARKLANDS AND GARDENS,CASEY
39,312,51356,1971.980833,ROYAL BOTANIC GARDENS - CRANBOURNE1,PARKLANDS AND GARDENS,CASEY
39,312,51357,1797.066068,ROYAL BOTANIC GARDENS - CRANBOURNE1,PARKLANDS AND GARDENS,CASEY
39,312,51358,1225.957673,ROYAL BOTANIC GARDENS - CRANBOURNE1,PARKLANDS AND GARDENS,CASEY
39,312,51359,4672.459926,ROYAL BOTANIC GARDENS - CRANBOURNE1,PARKLANDS AND GARDENS,CASEY
39,312,51360,2319.410512,ROYAL BOTANIC GARDENS - CRANBOURNE1,PARKLANDS AND GARDENS,CASEY
34,313,25249,307.5668647,BUCKNALL RESERVE,PARKLANDS AND GARDENS,CENTRAL GOLDFIELDS
34,313,25250,321.1265492,BUCKNALL RESERVE,PARKLANDS AND GARDENS,CENTRAL GOLDFIELDS
34,313,26812,800.4454633,CARRICK STREET PUBLIC PARK,PARKLANDS AND GARDENS,CENTRAL GOLDFIELDS
34,313,28839,318.8374431,CHILDRENS PLAYGROUND,PARKLANDS AND GARDENS,CENTRAL GOLDFIELDS
34,313,28844,248.1640912,CHILDRENS PLAYGROUND RESERVE,PARKLANDS AND GARDENS,CENTRAL GOLDFIELDS
34,313,28932,1577.867209,CHURCHILL STREET RECREATION RESERVE1,PARKLANDS AND GARDENS,CENTRAL GOLDFIELDS
34,313,28845,145.7837945,CHILDRENS PLAYGROUND RESERVE,PARKLANDS AND GARDENS,CENTRAL GOLDFIELDS
34,313,28846,143.7958112,CHILDRENS PLAYGROUND RESERVE,PARKLANDS AND GARDENS,CENTRAL GOLDFIELDS
34,313,28847,150.608164,CHILDRENS PLAYGROUND RESERVE,PARKLANDS AND GARDENS,CENTRAL GOLDFIELDS
34,313,29792,817.5344787,CRAIGIE PARK RESERVE,PARKLANDS AND GARDENS,CENTRAL GOLDFIELDS
34,313,32309,715.2310593,DUNOLLY PUBLIC PARK,PARKLANDS AND GARDENS,CENTRAL GOLDFIELDS
34,313,33987,255.3081719,FRANK GRAHAM OVAL,PARKLANDS AND GARDENS,CENTRAL GOLDFIELDS
34,313,34772,128.586089,GILLIES STREET CHILDRENS PLAYGROUND,PARKLANDS AND GARDENS,CENTRAL GOLDFIELDS
34,313,37562,347.1223108,JARDINE PARK PUBLIC RECREATION RESERVE,PARKLANDS AND GARDENS,CENTRAL GOLDFIELDS
34,313,41709,477.1583451,MARYBOROUGH PUBLIC PURPOSES RESERVE,PARKLANDS AND GARDENS,CENTRAL GOLDFIELDS
34,313,46471,113.5216083,ORME SNOWDEN PARK,PARKLANDS AND GARDENS,CENTRAL GOLDFIELDS
34,313,46968,278.9553283,PARKLANDS AND GARDENS,PARKLANDS AND GARDENS,CENTRAL GOLDFIELDS
34,313,46973,442.5361697,PARKLANDS AND GARDENS,PARKLANDS AND GARDENS,CENTRAL GOLDFIELDS
34,313,46974,803.6855226,PARKLANDS AND GARDENS,PARKLANDS AND GARDENS,CENTRAL GOLDFIELDS
34,313,46977,1279.463707,PARKLANDS AND GARDENS,PARKLANDS AND GARDENS,CENTRAL GOLDFIELDS
34,313,46978,1544.853512,PARKLANDS AND GARDENS,PARKLANDS AND GARDENS,CENTRAL GOLDFIELDS
34,313,46979,1521.812922,PARKLANDS AND GARDENS,PARKLANDS AND GARDENS,CENTRAL GOLDFIELDS
34,313,46980,271.6388433,PARKLANDS AND GARDENS,PARKLANDS AND GARDENS,CENTRAL GOLDFIELDS
34,313,46984,490.7814543,PARKLANDS AND GARDENS,PARKLANDS AND GARDENS,CENTRAL GOLDFIELDS
34,313,46985,249.4328556,PARKLANDS AND GARDENS,PARKLANDS AND GARDENS,CENTRAL GOLDFIELDS
34,313,47313,505.8836637,PHILLIPS GARDENS (PUBLIC GARDENS),PARKLANDS AND GARDENS,CENTRAL GOLDFIELDS
34,313,54332,311.879442,TALBOT ORNAMENTAL PLANTATION,PARKLANDS AND GARDENS,CENTRAL GOLDFIELDS
34,313,54333,312.3638438,TALBOT ORNAMENTAL PLANTATION,PARKLANDS AND GARDENS,CENTRAL GOLDFIELDS
34,313,54347,468.3011229,TALBOT SOLDIERS MEMORIAL PARK,PARKLANDS AND GARDENS,CENTRAL GOLDFIELDS
34,313,36146,436.401519,HAMER INDUSTRIAL ESTATE PUBLIC PARK,PARKLANDS AND GARDENS,CENTRAL GOLDFIELDS
37,314,41559,717.2981939,MARENGO PARK,PARKLANDS AND GARDENS,COLAC OTWAY
37,314,41560,451.252444,MARENGO TRAMWAY RESERVE,PARKLANDS AND GARDENS,COLAC OTWAY
39,316,25541,1911.814402,BUNDOORA PARKLAND,PARKLANDS AND GARDENS,DAREBIN
39,316,25542,2728.251986,BUNDOORA PARKLAND,PARKLANDS AND GARDENS,DAREBIN
39,316,25543,399.8931994,BUNDOORA PARKLAND,PARKLANDS AND GARDENS,DAREBIN
39,316,25544,184.7918266,BUNDOORA PARKLAND,PARKLANDS AND GARDENS,DAREBIN
39,316,25545,538.0035165,BUNDOORA PARKLAND,PARKLANDS AND GARDENS,DAREBIN
39,316,25546,112.73097,BUNDOORA PARKLAND,PARKLANDS AND GARDENS,DAREBIN
39,316,25547,421.8379884,BUNDOORA PARKLAND,PARKLANDS AND GARDENS,DAREBIN
39,316,25548,442.939768,BUNDOORA PARKLAND,PARKLANDS AND GARDENS,DAREBIN
39,316,25549,8036.94886,BUNDOORA PARKLAND,PARKLANDS AND GARDENS,DAREBIN
39,316,28769,524.0384882,CHERRY ST AVENUE OF HONOUR - DAREBIN,PARKLANDS AND GARDENS,DAREBIN
39,316,30420,196.6252204,DAREBIN CREEK (RESERVOIR) RESERVE,PARKLANDS AND GARDENS,DAREBIN
39,316,30421,251.5284574,DAREBIN CREEK (RESERVOIR) RESERVE,PARKLANDS AND GARDENS,DAREBIN
39,316,30422,224.3753571,DAREBIN CREEK (RESERVOIR) RESERVE,PARKLANDS AND GARDENS,DAREBIN
39,316,30423,484.2273242,DAREBIN CREEK (THORNBURY) RESERVE,PARKLANDS AND GARDENS,DAREBIN
39,316,30424,321.3806554,DAREBIN CREEK (THORNBURY) RESERVE,PARKLANDS AND GARDENS,DAREBIN
39,316,30425,788.1730146,DAREBIN CREEK (THORNBURY) RESERVE,PARKLANDS AND GARDENS,DAREBIN
39,316,30426,412.7179516,DAREBIN CREEK (THORNBURY) RESERVE,PARKLANDS AND GARDENS,DAREBIN
39,316,32677,328.4846154,EDGARS CREEK RESERVE - RESERVOIR,PARKLANDS AND GARDENS,DAREBIN
39,316,32678,221.851049,EDGARS CREEK RESERVE - RESERVOIR,PARKLANDS AND GARDENS,DAREBIN
39,316,32679,91.83180608,EDGARS CREEK RESERVE - RESERVOIR,PARKLANDS AND GARDENS,DAREBIN
39,316,32680,1417.402308,EDGARS CREEK WETLANDS RESERVE - RESERVOIR,PARKLANDS AND GARDENS,DAREBIN
39,316,42451,190.134806,MERRI CREEK FRONTAGE RESERVE,PARKLANDS AND GARDENS,DAREBIN
39,316,42466,383.0788346,MERRI PARADE RESERVE,PARKLANDS AND GARDENS,DAREBIN
39,316,42467,1153.142178,MERRI PARK (WINIFRED ST),PARKLANDS AND GARDENS,DAREBIN
39,316,42470,203.6152133,MERRI PARK WETLAND,PARKLANDS AND GARDENS,DAREBIN
39,316,46357,879.1208135,OLDIS GARDENS - NORTHCOTE,PARKLANDS AND GARDENS,DAREBIN
39,316,46358,294.0247843,OLDIS GARDENS - NORTHCOTE,PARKLANDS AND GARDENS,DAREBIN
39,316,46359,600.8869147,OLDIS GARDENS - NORTHCOTE,PARKLANDS AND GARDENS,DAREBIN
39,316,46360,302.2037961,OLDIS GARDENS - NORTHCOTE,PARKLANDS AND GARDENS,DAREBIN
39,316,47188,150.3030377,PEARL RESERVE - THORNBURY,PARKLANDS AND GARDENS,DAREBIN
39,320,21534,379.8937,ARMATA PARK - FRANKSTON NORTH,PARKLANDS AND GARDENS,FRANKSTON
39,320,21535,107.8555886,ARMATA PARK - FRANKSTON NORTH,PARKLANDS AND GARDENS,FRANKSTON
39,320,23252,1027.221375,BEAUTY PARK - FRANKSTON,PARKLANDS AND GARDENS,FRANKSTON
39,320,23253,252.6641771,BEAUTY PARK - FRANKSTON,PARKLANDS AND GARDENS,FRANKSTON
39,320,23254,897.7253469,BEAUTY PARK - FRANKSTON,PARKLANDS AND GARDENS,FRANKSTON
39,320,34748,1462.231299,GEORGE PENTLAND BOTANICAL GARDENS - FRANKSTON,PARKLANDS AND GARDENS,FRANKSTON
39,320,34069,136.714928,FRANKSTON PUBLIC PARK,PARKLANDS AND GARDENS,FRANKSTON
39,320,58396,801.8234227,WALLACE AVENUE RESERVE - FRANKSTON,PARKLANDS AND GARDENS,FRANKSTON
39,320,62843,235.3676189,YUILLE STREET GARDENS - FRANKSTON,PARKLANDS AND GARDENS,FRANKSTON
38,321,21195,2146.83394,ALEXANDRA PARK RESERVE - KERANG,PARKLANDS AND GARDENS,GANNAWARRA
38,321,51014,1393.348593,RIVERSIDE SPORTS PARK RESERVE - KERANG,PARKLANDS AND GARDENS,GANNAWARRA
38,321,51015,140.2495104,RIVERSIDE SPORTS PARK RESERVE - KERANG,PARKLANDS AND GARDENS,GANNAWARRA
38,321,52225,398.690431,SHADFORTH ST PUBLIC PARK KERANG,PARKLANDS AND GARDENS,GANNAWARRA
39,322,24656,583.6718762,BOYD PARK - OUTER CIRCLE RAILWAY LINEAR PARK,PARKLANDS AND GARDENS,GLEN EIRA
39,322,24657,1504.105139,BOYD PARK - OUTER CIRCLE RAILWAY LINEAR PARK,PARKLANDS AND GARDENS,GLEN EIRA
39,322,26971,183.1357594,CAULFIELD PLANTATION RESERVE,PARKLANDS AND GARDENS,GLEN EIRA
39,322,34509,265.5022451,GARDEN AVENUE RESERVE - GLEN HUNTLY,PARKLANDS AND GARDENS,GLEN EIRA
39,322,61133,267.6894079,WILGA CRESCENT PLANTATION - CAULFIELD,PARKLANDS AND GARDENS,GLEN EIRA
34,325,14709,40.8883185,BENDIGO COMMUNITY PARKLAND,PARKLANDS AND GARDENS,GREATER BENDIGO
34,325,14710,79.79505607,BENDIGO COMMUNITY PARKLAND,PARKLANDS AND GARDENS,GREATER BENDIGO
34,325,14711,1644.973945,BENDIGO COMMUNITY PARKLAND,PARKLANDS AND GARDENS,GREATER BENDIGO
34,325,14712,916.885615,BENDIGO COMMUNITY PARKLAND,PARKLANDS AND GARDENS,GREATER BENDIGO
34,325,14705,56.84491213,BENDIGO COMMUNITY PARKLAND,PARKLANDS AND GARDENS,GREATER BENDIGO
34,325,14706,74.0868914,BENDIGO COMMUNITY PARKLAND,PARKLANDS AND GARDENS,GREATER BENDIGO
34,325,14707,138.4498604,BENDIGO COMMUNITY PARKLAND,PARKLANDS AND GARDENS,GREATER BENDIGO
34,325,14708,285.0061304,BENDIGO COMMUNITY PARKLAND,PARKLANDS AND GARDENS,GREATER BENDIGO
34,325,23573,343.7594039,BENDIGO CHINESE GARDENS RESERVE,PARKLANDS AND GARDENS,GREATER BENDIGO
34,325,23574,11100.80981,BENDIGO COMMUNITY PARKLAND,PARKLANDS AND GARDENS,GREATER BENDIGO
34,325,23575,330.3449846,BENDIGO COMMUNITY PARKLAND,PARKLANDS AND GARDENS,GREATER BENDIGO
34,325,23576,1504.064998,BENDIGO COMMUNITY PARKLAND,PARKLANDS AND GARDENS,GREATER BENDIGO
34,325,23577,380.9850604,BENDIGO COMMUNITY PARKLAND,PARKLANDS AND GARDENS,GREATER BENDIGO
34,325,23578,1033.124338,BENDIGO COMMUNITY PARKLAND,PARKLANDS AND GARDENS,GREATER BENDIGO
34,325,23579,1578.447936,BENDIGO COMMUNITY PARKLAND,PARKLANDS AND GARDENS,GREATER BENDIGO
34,325,23580,2299.135012,BENDIGO COMMUNITY PARKLAND,PARKLANDS AND GARDENS,GREATER BENDIGO
34,325,23581,175.1914809,BENDIGO COMMUNITY PARKLAND,PARKLANDS AND GARDENS,GREATER BENDIGO
34,325,23582,229.0752826,BENDIGO COMMUNITY PARKLAND,PARKLANDS AND GARDENS,GREATER BENDIGO
34,325,23583,338.2606012,BENDIGO COMMUNITY PARKLAND,PARKLANDS AND GARDENS,GREATER BENDIGO
34,325,23584,263.3448242,BENDIGO COMMUNITY PARKLAND,PARKLANDS AND GARDENS,GREATER BENDIGO
34,325,23585,703.116271,BENDIGO COMMUNITY PARKLAND,PARKLANDS AND GARDENS,GREATER BENDIGO
34,325,23586,355.6793448,BENDIGO COMMUNITY PARKLAND,PARKLANDS AND GARDENS,GREATER BENDIGO
34,325,23587,7823.72699,BENDIGO COMMUNITY PARKLAND,PARKLANDS AND GARDENS,GREATER BENDIGO
34,325,23588,278.5490566,BENDIGO COMMUNITY PARKLAND,PARKLANDS AND GARDENS,GREATER BENDIGO
34,325,23589,593.4157986,BENDIGO COMMUNITY PARKLAND,PARKLANDS AND GARDENS,GREATER BENDIGO
34,325,23590,867.9673796,BENDIGO COMMUNITY PARKLAND,PARKLANDS AND GARDENS,GREATER BENDIGO
34,325,25529,222.56482,BUNDALEER PARK,PARKLANDS AND GARDENS,GREATER BENDIGO
34,325,25951,257.8857691,CALIFORNIA GULLY CHILDREN'S PLAYGROUND,PARKLANDS AND GARDENS,GREATER BENDIGO
34,325,26612,2209.638233,CANTERBURY PARK,PARKLANDS AND GARDENS,GREATER BENDIGO
34,325,28840,159.635929,CHILDRENS PLAYGROUND,PARKLANDS AND GARDENS,GREATER BENDIGO
34,325,28841,179.0716838,CHILDRENS PLAYGROUND,PARKLANDS AND GARDENS,GREATER BENDIGO
34,325,28700,1138.421193,CHAPEL STREET RECREATION RESERVE,PARKLANDS AND GARDENS,GREATER BENDIGO
34,325,29565,427.325003,COOINDA PARK,PARKLANDS AND GARDENS,GREATER BENDIGO
34,325,29569,189.9214407,COOK'S RESERVE,PARKLANDS AND GARDENS,GREATER BENDIGO
34,325,30409,668.0316332,DANSON AVENUE RESERVE,PARKLANDS AND GARDENS,GREATER BENDIGO
34,325,30410,328.8125779,DANSON AVENUE RESERVE,PARKLANDS AND GARDENS,GREATER BENDIGO
34,325,36713,281.5284994,HOLDSWORTH ROAD CHILDREN'S PLAYGROUND,PARKLANDS AND GARDENS,GREATER BENDIGO
34,325,37836,353.7840845,KANGAROO FLAT PUBLIC PARK,PARKLANDS AND GARDENS,GREATER BENDIGO
34,325,37211,268.4737561,HUME & ISER RESERVE,PARKLANDS AND GARDENS,GREATER BENDIGO
34,325,37991,992.9360506,KENNINGTON PUBLIC GARDENS RESERVE,PARKLANDS AND GARDENS,GREATER BENDIGO
34,325,37993,2467.760172,KENNINGTON RESERVOIR RESERVE1,PARKLANDS AND GARDENS,GREATER BENDIGO
34,325,37832,507.3307061,KANGAROO FLAT PLAYGROUND & RECREATION RESERVE,PARKLANDS AND GARDENS,GREATER BENDIGO
34,325,37835,1460.361914,KANGAROO FLAT PUBLIC PARK,PARKLANDS AND GARDENS,GREATER BENDIGO
34,325,37238,645.8020048,HUNTLY PUBLIC GARDENS,PARKLANDS AND GARDENS,GREATER BENDIGO
34,325,39251,1672.669179,LAKE TOM THUMB (EAGLEHAWK)2,PARKLANDS AND GARDENS,GREATER BENDIGO
34,325,39252,2067.03888,LAKE TOM THUMB (EAGLEHAWK)2,PARKLANDS AND GARDENS,GREATER BENDIGO
34,325,39253,2172.783641,LAKE TOM THUMB (EAGLEHAWK)2,PARKLANDS AND GARDENS,GREATER BENDIGO
34,325,39254,147.8363726,LAKE TOM THUMB (EAGLEHAWK)2,PARKLANDS AND GARDENS,GREATER BENDIGO
34,325,39255,172.3177841,LAKE TOM THUMB (EAGLEHAWK)2,PARKLANDS AND GARDENS,GREATER BENDIGO
34,325,39256,125.4583407,LAKE TOM THUMB (EAGLEHAWK)2,PARKLANDS AND GARDENS,GREATER BENDIGO
34,325,46475,133.9831074,ORNAMENTAL PLANTATION RESERVE - LONG GULLY,PARKLANDS AND GARDENS,GREATER BENDIGO
34,325,46981,585.9824933,PARKLANDS AND GARDENS,PARKLANDS AND GARDENS,GREATER BENDIGO
34,325,46982,226.197072,PARKLANDS AND GARDENS,PARKLANDS AND GARDENS,GREATER BENDIGO
34,325,48124,452.8879405,PROUSES ROAD RECREATION RESERVE,PARKLANDS AND GARDENS,GREATER BENDIGO
34,325,49120,143.7059905,QUEEN STREET CHILDRENS PLAYGROUND,PARKLANDS AND GARDENS,GREATER BENDIGO
34,325,49121,184.9816676,QUEEN STREET CHILDRENS PLAYGROUND,PARKLANDS AND GARDENS,GREATER BENDIGO
34,325,50818,167.3455328,RF TURNER MEMORIAL PARK,PARKLANDS AND GARDENS,GREATER BENDIGO
34,325,50819,205.9225907,RF TURNER MEMORIAL PARK,PARKLANDS AND GARDENS,GREATER BENDIGO
34,325,51286,1003.450277,ROSALIND PARK1,PARKLANDS AND GARDENS,GREATER BENDIGO
34,325,52707,154.8541742,SOMERVILLE STREET CHILDRENS PLAYGROUND,PARKLANDS AND GARDENS,GREATER BENDIGO
34,325,61045,1156.187384,WHITE HILLS BOTANICAL GARDENS RESERVE,PARKLANDS AND GARDENS,GREATER BENDIGO
34,325,60534,226.9848745,WATTLE SQUARE,PARKLANDS AND GARDENS,GREATER BENDIGO
34,325,60535,211.7716671,WATTLE SQUARE,PARKLANDS AND GARDENS,GREATER BENDIGO
39,326,20203,779.6637341,WOODCOCK RESERVE - DANDENONG,PARKLANDS AND GARDENS,GREATER DANDENONG
39,326,20204,245.7238375,WOODCOCK RESERVE - DANDENONG,PARKLANDS AND GARDENS,GREATER DANDENONG
39,326,30370,692.810405,DANDENONG PUBLIC PARK,PARKLANDS AND GARDENS,GREATER DANDENONG
39,326,30371,68.50608854,DANDENONG PUBLIC PARK,PARKLANDS AND GARDENS,GREATER DANDENONG
39,326,30367,530.2222224,DANDENONG PARK PUBLIC GARDENS RESERVE,PARKLANDS AND GARDENS,GREATER DANDENONG
39,326,32589,647.8034119,EASTLINK RECREATION TRAIL - KEYSBOROUGH,PARKLANDS AND GARDENS,GREATER DANDENONG
39,326,32590,111.2415295,EASTLINK RECREATION TRAIL - KEYSBOROUGH,PARKLANDS AND GARDENS,GREATER DANDENONG
39,326,32591,574.6399298,EASTLINK RECREATION TRAIL - KEYSBOROUGH,PARKLANDS AND GARDENS,GREATER DANDENONG
39,326,32592,464.6140216,EASTLINK RECREATION TRAIL - KEYSBOROUGH,PARKLANDS AND GARDENS,GREATER DANDENONG
39,326,32593,709.6076942,EASTLINK RECREATION TRAIL - KEYSBOROUGH,PARKLANDS AND GARDENS,GREATER DANDENONG
39,326,32594,458.1469954,EASTLINK RECREATION TRAIL - KEYSBOROUGH,PARKLANDS AND GARDENS,GREATER DANDENONG
39,326,61775,299.9262076,WOODCOCK RESERVE - DANDENONG,PARKLANDS AND GARDENS,GREATER DANDENONG
39,326,61776,295.4632547,WOODCOCK RESERVE - DANDENONG,PARKLANDS AND GARDENS,GREATER DANDENONG
39,326,61773,841.7805665,WOODCOCK RESERVE - DANDENONG,PARKLANDS AND GARDENS,GREATER DANDENONG
39,326,61774,808.1996228,WOODCOCK RESERVE - DANDENONG,PARKLANDS AND GARDENS,GREATER DANDENONG
39,326,61777,896.8206714,WOODCOCK RESERVE - DANDENONG,PARKLANDS AND GARDENS,GREATER DANDENONG
39,326,61778,263.206602,WOODCOCK RESERVE - DANDENONG,PARKLANDS AND GARDENS,GREATER DANDENONG
39,326,61779,767.3795513,WOODCOCK RESERVE - DANDENONG,PARKLANDS AND GARDENS,GREATER DANDENONG
39,326,61780,313.3823411,WOODCOCK RESERVE - DANDENONG,PARKLANDS AND GARDENS,GREATER DANDENONG
25,327,32577,3551.797451,EASTERN PARK AND BOTANICAL GARDENS,PARKLANDS AND GARDENS,GREATER GEELONG
25,327,32578,2012.454205,EASTERN PARK GARDENS EXTENSION,PARKLANDS AND GARDENS,GREATER GEELONG
25,327,36839,241.6761006,HOPETOUN PARK RESERVE,PARKLANDS AND GARDENS,GREATER GEELONG
25,327,37701,678.0692062,JOHNSTONE PARK,PARKLANDS AND GARDENS,GREATER GEELONG
25,327,39822,621.9355909,LEACH-WOOD GARDENS,PARKLANDS AND GARDENS,GREATER GEELONG
25,327,45418,121.543779,NEWTOWN PLAYGROUND RESERVE,PARKLANDS AND GARDENS,GREATER GEELONG
25,327,47295,332.5958164,PEVENSEY CRESCENT GARDEN RESERVE,PARKLANDS AND GARDENS,GREATER GEELONG
25,327,47296,342.6137509,PEVENSEY CRESCENT GARDEN RESERVE,PARKLANDS AND GARDENS,GREATER GEELONG
25,327,55389,483.6575343,TRANSVAAL GARDENS GEELONG,PARKLANDS AND GARDENS,GREATER GEELONG
25,327,60584,394.7508236,WEDDELL ROAD PUBLIC PARK RESERVE,PARKLANDS AND GARDENS,GREATER GEELONG
38,328,18891,184.7480101,SHEPPARTON PARKLAND,PARKLANDS AND GARDENS,GREATER SHEPPARTON
38,328,18892,3164.355876,SHEPPARTON PARKLAND,PARKLANDS AND GARDENS,GREATER SHEPPARTON
38,328,18893,162.3530868,SHEPPARTON PARKLAND,PARKLANDS AND GARDENS,GREATER SHEPPARTON
38,328,19698,684.6339058,VICTORIA PARK SHEPPARTON,PARKLANDS AND GARDENS,GREATER SHEPPARTON
34,328,33988,299.8603728,FRANK MCNAMARA PARK - SHEPPARTON,PARKLANDS AND GARDENS,GREATER SHEPPARTON
34,328,34118,153.2157262,FRASER STREET GARDENS - SHEPPARTON,PARKLANDS AND GARDENS,GREATER SHEPPARTON
34,328,36707,184.7354981,HOGAN STREET GARDENS,PARKLANDS AND GARDENS,GREATER SHEPPARTON
34,328,37918,452.9078729,KARIBOK PARK SHEPPARTON,PARKLANDS AND GARDENS,GREATER SHEPPARTON
34,328,43604,261.2128938,MORRISON PARK - SHEPPARTON,PARKLANDS AND GARDENS,GREATER SHEPPARTON
34,328,46055,171.8562546,O'CONNOR PARK RESERVE SHEPPARTON,PARKLANDS AND GARDENS,GREATER SHEPPARTON
34,328,49125,362.2672982,QUEENS GARDENS,PARKLANDS AND GARDENS,GREATER SHEPPARTON
34,328,58272,481.0601792,VICTORY PARK SHEPPARTON,PARKLANDS AND GARDENS,GREATER SHEPPARTON
39,331,31331,1230.872443,DOUG GRANT RESERVE (APEX PARK) - TRUGANINA,PARKLANDS AND GARDENS,HOBSONS BAY
39,331,31332,1262.331852,DOUG GRANT RESERVE (APEX PARK) - TRUGANINA,PARKLANDS AND GARDENS,HOBSONS BAY
39,331,38675,492.6564021,KOROROIT CREEK PUBLIC PARK - BROOKLYN,PARKLANDS AND GARDENS,HOBSONS BAY
39,331,38676,459.1708685,KOROROIT CREEK PUBLIC PARK - BROOKLYN,PARKLANDS AND GARDENS,HOBSONS BAY
39,331,38677,726.0501475,KOROROIT CREEK PUBLIC PARK - BROOKLYN,PARKLANDS AND GARDENS,HOBSONS BAY
39,331,39812,136.5100301,LAVERTON STREET PUBLIC GARDEN,PARKLANDS AND GARDENS,HOBSONS BAY
39,331,39796,1468.535687,LAVERTON & SHAW PARKLAND,PARKLANDS AND GARDENS,HOBSONS BAY
39,331,39797,782.7203822,LAVERTON & SHAW PARKLAND,PARKLANDS AND GARDENS,HOBSONS BAY
39,331,41197,275.690957,MACLEAN RESERVE - WILLIAMSTOWN,PARKLANDS AND GARDENS,HOBSONS BAY
39,331,46870,434.4397974,PAINE RESERVE PLAYGROUND & GARDENS,PARKLANDS AND GARDENS,HOBSONS BAY
39,331,51678,204.0248635,SAMUEL KOHRY RESERVE - NEWPORT,PARKLANDS AND GARDENS,HOBSONS BAY
39,331,55560,1842.954178,TRUGANINA COASTAL PARKLAND,PARKLANDS AND GARDENS,HOBSONS BAY
39,331,55561,3982.869266,TRUGANINA COASTAL PARKLAND,PARKLANDS AND GARDENS,HOBSONS BAY
39,331,61207,849.83735,WILLIAMSTOWN BOTANIC GARDENS,PARKLANDS AND GARDENS,HOBSONS BAY
39,331,61216,224.7550878,WILLIAMSTOWN CROQUET CLUB,PARKLANDS AND GARDENS,HOBSONS BAY
39,333,17918,619.7185747,MOONEE PONDS CREEK PARKLAND,PARKLANDS AND GARDENS,HUME
39,333,17916,1828.407258,MOONEE PONDS CREEK PARKLAND,PARKLANDS AND GARDENS,HUME
39,333,17917,1641.963423,MOONEE PONDS CREEK PARKLAND,PARKLANDS AND GARDENS,HUME
39,333,20153,370.0072492,WESTMEADOWS PUBLIC PARK,PARKLANDS AND GARDENS,HUME
39,333,20154,198.6882928,WESTMEADOWS PUBLIC PARK,PARKLANDS AND GARDENS,HUME
39,333,43361,154.6633795,MOONEE PONDS CREEK PARKLAND,PARKLANDS AND GARDENS,HUME
39,333,43362,154.7885801,MOONEE PONDS CREEK PARKLAND,PARKLANDS AND GARDENS,HUME
39,333,43363,770.0766251,MOONEE PONDS CREEK PARKLAND,PARKLANDS AND GARDENS,HUME
39,333,45298,627.2721073,NEILL STREET RESERVE - SUNBURY,PARKLANDS AND GARDENS,HUME
39,333,51872,705.1296845,SCHOOL ROAD RESERVE - BULLA,PARKLANDS AND GARDENS,HUME
39,333,53944,753.3864751,SUNBURY BICENTENNIAL PARK,PARKLANDS AND GARDENS,HUME
39,333,53948,422.4451129,SUNBURY PARK,PARKLANDS AND GARDENS,HUME
39,333,53949,424.6259847,SUNBURY PARK,PARKLANDS AND GARDENS,HUME
39,333,52395,1053.984654,SHIELDS STREET RESERVE - SUNBURY,PARKLANDS AND GARDENS,HUME
39,333,52396,319.8474036,SHIELDS STREET RESERVE - SUNBURY,PARKLANDS AND GARDENS,HUME
39,333,53963,392.347537,SUNBURY VILLAGE GREEN,PARKLANDS AND GARDENS,HUME
39,333,60991,155.3646504,WESTMEADOWS PUBLIC PARK,PARKLANDS AND GARDENS,HUME
39,333,60992,513.1815484,WESTMEADOWS PUBLIC PARK,PARKLANDS AND GARDENS,HUME
39,333,60993,630.6008341,WESTMEADOWS PUBLIC PARK,PARKLANDS AND GARDENS,HUME
39,333,60994,380.6948717,WESTMEADOWS PUBLIC PARK,PARKLANDS AND GARDENS,HUME
34,334,28842,341.8546756,CHILDRENS PLAYGROUND,PARKLANDS AND GARDENS,INDIGO
34,334,28858,215.21936,CHILTERN MUNICIPAL PURPOSES RESERVE,PARKLANDS AND GARDENS,INDIGO
34,334,28862,143.2727202,CHILTERN PLAYGROUND RESERVE,PARKLANDS AND GARDENS,INDIGO
38,334,38082,826.1238465,KIEWA MEMORIAL PARK RESERVE,PARKLANDS AND GARDENS,INDIGO
38,334,38083,686.7425403,KIEWA MEMORIAL PARK RESERVE,PARKLANDS AND GARDENS,INDIGO
38,334,38084,331.2322155,KIEWA MEMORIAL PARK RESERVE,PARKLANDS AND GARDENS,INDIGO
34,334,49123,866.1693644,QUEEN VICTORIA PARK,PARKLANDS AND GARDENS,INDIGO
34,334,51563,143.3203333,RUTHERGLEN PUBLIC PURPOSES RESERVE,PARKLANDS AND GARDENS,INDIGO
34,334,55330,182.2968696,TOWN HALL GARDENS RESERVE,PARKLANDS AND GARDENS,INDIGO
34,334,55331,309.1977689,TOWN HALL GARDENS RESERVE,PARKLANDS AND GARDENS,INDIGO
39,335,14551,213.0637326,ATTENBOROUGH PARK - ASPENDALE,PARKLANDS AND GARDENS,KINGSTON
39,335,15133,149.5398417,CARRUM FORESHORE PARK,PARKLANDS AND GARDENS,KINGSTON
39,335,15134,183.9194485,CARRUM FORESHORE PARK,PARKLANDS AND GARDENS,KINGSTON
39,335,21600,129.9212276,ATTENBOROUGH PARK - ASPENDALE,PARKLANDS AND GARDENS,KINGSTON
39,335,21601,366.6457004,ATTENBOROUGH PARK - ASPENDALE,PARKLANDS AND GARDENS,KINGSTON
39,335,21602,216.0218561,ATTENBOROUGH PARK - ASPENDALE,PARKLANDS AND GARDENS,KINGSTON
39,335,21603,106.4581957,ATTENBOROUGH PARK - ASPENDALE,PARKLANDS AND GARDENS,KINGSTON
39,335,21604,321.0410817,ATTENBOROUGH PARK - ASPENDALE,PARKLANDS AND GARDENS,KINGSTON
39,335,52435,1266.138243,SIR WILLIAM FRY RESERVE - HIGHETT,PARKLANDS AND GARDENS,KINGSTON
39,336,23187,465.1085307,BAYSWATER COMMUNITY CENTRE AND PARK,PARKLANDS AND GARDENS,KNOX
39,336,33340,782.0564874,FERNTREE GULLY QUARRY RECREATION RESERVE,PARKLANDS AND GARDENS,KNOX
39,336,54472,237.5003257,TAMPE ROAD RECREATION RESERVE,PARKLANDS AND GARDENS,KNOX
39,336,38469,1635.551156,KNOX COMMUNITY GARDENS & VINEYARD,PARKLANDS AND GARDENS,KNOX
38,338,24485,1013.470638,BOORT PARKLANDS,PARKLANDS AND GARDENS,LODDON
38,338,24486,234.6507888,BOORT PARKLANDS,PARKLANDS AND GARDENS,LODDON
38,338,24487,345.5083708,BOORT PARKLANDS,PARKLANDS AND GARDENS,LODDON
38,338,24488,686.0149542,BOORT PARKLANDS,PARKLANDS AND GARDENS,LODDON
34,338,24606,768.1069001,BOTANIC GARDENS RESERVE,PARKLANDS AND GARDENS,LODDON
34,338,24607,202.4392209,BOTANIC GARDENS RESERVE,PARKLANDS AND GARDENS,LODDON
34,338,24608,262.8113199,BOTANIC GARDENS RESERVE,PARKLANDS AND GARDENS,LODDON
34,338,35249,709.9800901,GODFREY STREET PUBLIC GARDENS & RECREATION RESERVE,PARKLANDS AND GARDENS,LODDON
34,338,37358,341.0763132,INGLEWOOD PUBLIC GARDENS,PARKLANDS AND GARDENS,LODDON
34,338,37359,431.7974694,INGLEWOOD PUBLIC GARDENS,PARKLANDS AND GARDENS,LODDON
38,338,45014,465.5707373,MYSIA WAR MEMORIAL PARK,PARKLANDS AND GARDENS,LODDON
34,338,52703,180.7783958,SOLDIERS MEMORIAL PARK1,PARKLANDS AND GARDENS,LODDON
39,340,51452,126.7700332,RUFFEY LAKE PARKLAND,PARKLANDS AND GARDENS,MANNINGHAM
39,340,52050,181.0924004,SERVICES MEMORIAL PARK RESERVE - LOWER TEMPLESTOWE,PARKLANDS AND GARDENS,MANNINGHAM
39,340,58807,74.77732206,WARRANDYTE PLAYGROUND RESERVE,PARKLANDS AND GARDENS,MANNINGHAM
39,341,20485,1545.972755,YARRAVILLE - STONY CREEK RECREATION RS,PARKLANDS AND GARDENS,MARIBYRNONG
39,341,20486,218.1643799,YARRAVILLE - STONY CREEK RECREATION RS,PARKLANDS AND GARDENS,MARIBYRNONG
39,341,20487,499.3871002,YARRAVILLE - STONY CREEK RECREATION RS,PARKLANDS AND GARDENS,MARIBYRNONG
39,341,20489,804.7607296,YARRAVILLE GARDENS,PARKLANDS AND GARDENS,MARIBYRNONG
39,341,30136,339.8483317,CUMMING RESERVE - YARRAVILLE,PARKLANDS AND GARDENS,MARIBYRNONG
39,341,29757,301.0498035,COULSON GARDENS - MARIBYRNONG,PARKLANDS AND GARDENS,MARIBYRNONG
39,341,29758,298.247977,COULSON GARDENS - MARIBYRNONG,PARKLANDS AND GARDENS,MARIBYRNONG
39,341,29759,246.7761785,COULSON GARDENS - MARIBYRNONG,PARKLANDS AND GARDENS,MARIBYRNONG
39,341,30589,1008.44512,DAVID F THOMPSON RS - MARIBYRNONG,PARKLANDS AND GARDENS,MARIBYRNONG
39,341,33633,233.2247181,FOOTSCRAY ROAD RESERVE - FOOTSCRAY,PARKLANDS AND GARDENS,MARIBYRNONG
39,341,35925,358.916735,GRIMES RESERVE,PARKLANDS AND GARDENS,MARIBYRNONG
39,341,41507,87.46127026,MANALLACK RESERVE - FOOTSCRAY,PARKLANDS AND GARDENS,MARIBYRNONG
39,341,41508,93.52971955,MANALLACK RESERVE - FOOTSCRAY,PARKLANDS AND GARDENS,MARIBYRNONG
39,341,41509,70.99504981,MANALLACK RESERVE - FOOTSCRAY,PARKLANDS AND GARDENS,MARIBYRNONG
39,341,41563,1598.838108,MARIBYRNONG ORNAMENTAL PLANTATION & ROAD RESERVE,PARKLANDS AND GARDENS,MARIBYRNONG
39,341,46954,280.5399548,PARKER ST RESERVE - FOOTSCRAY,PARKLANDS AND GARDENS,MARIBYRNONG
39,342,24152,465.1721478,BIRTS HILL RESERVE - CROYDON NTH,PARKLANDS AND GARDENS,MAROONDAH
39,343,14724,351.9457132,BIRRARUNG MARR,PARKLANDS AND GARDENS,MELBOURNE
39,343,14725,428.3386335,BIRRARUNG MARR,PARKLANDS AND GARDENS,MELBOURNE
39,343,16178,277.9321166,DYNON ROAD NATURE RESERVE,PARKLANDS AND GARDENS,MELBOURNE
39,343,16626,1152.483793,KINGS DOMAIN SOUTH,PARKLANDS AND GARDENS,MELBOURNE
39,343,16627,198.0612197,KINGS DOMAIN SOUTH,PARKLANDS AND GARDENS,MELBOURNE
39,343,18956,47.68872195,SOUTH WHARF PROMENADE - MELBOURNE,PARKLANDS AND GARDENS,MELBOURNE
39,343,18196,714.2435095,PARK STREET GARDENS - PARKVILLE,PARKLANDS AND GARDENS,MELBOURNE
39,343,18541,163.0111779,QUEEN VICTORIA GARDENS & MEMORIAL STATUE,PARKLANDS AND GARDENS,MELBOURNE
39,343,19554,189.4308377,UNIVERSITY SQUARE - CARLTON,PARKLANDS AND GARDENS,MELBOURNE
39,343,19692,211.206844,VICTORIA HARBOUR PROMENADE,PARKLANDS AND GARDENS,MELBOURNE
39,343,21529,407.5307289,ARGYLE SQUARE - CARLTON,PARKLANDS AND GARDENS,MELBOURNE
39,343,21530,138.7330952,ARGYLE SQUARE - CARLTON,PARKLANDS AND GARDENS,MELBOURNE
39,343,21531,148.3067705,ARGYLE SQUARE - CARLTON,PARKLANDS AND GARDENS,MELBOURNE
39,343,20866,144.6134366,8 HOUR RESERVE - MELBOURNE,PARKLANDS AND GARDENS,MELBOURNE
39,343,21178,534.6540642,ALEXANDRA GARDENS,PARKLANDS AND GARDENS,MELBOURNE
39,343,21179,725.4808084,ALEXANDRA GARDENS,PARKLANDS AND GARDENS,MELBOURNE
39,343,21180,1806.25487,ALEXANDRA GARDENS,PARKLANDS AND GARDENS,MELBOURNE
39,343,21181,1100.215591,ALEXANDRA GARDENS,PARKLANDS AND GARDENS,MELBOURNE
39,343,21182,654.7634457,ALEXANDRA GARDENS,PARKLANDS AND GARDENS,MELBOURNE
39,343,21183,484.6389322,ALEXANDRA GARDENS,PARKLANDS AND GARDENS,MELBOURNE
39,343,21187,91.27842121,ALEXANDRA PARK,PARKLANDS AND GARDENS,MELBOURNE
39,343,21188,193.6853171,ALEXANDRA PARK,PARKLANDS AND GARDENS,MELBOURNE
39,343,21189,2618.990276,ALEXANDRA PARK,PARKLANDS AND GARDENS,MELBOURNE
39,343,21190,692.4522363,ALEXANDRA PARK,PARKLANDS AND GARDENS,MELBOURNE
39,343,20441,37.16488826,YARRA RIVER NORTH BANK,PARKLANDS AND GARDENS,MELBOURNE
39,343,20442,91.74660398,YARRA RIVER NORTH BANK,PARKLANDS AND GARDENS,MELBOURNE
39,343,21191,999.7478969,ALEXANDRA PARK,PARKLANDS AND GARDENS,MELBOURNE
39,343,23138,40.37798599,BATMAN PARK & ENTERPRIZE PARK,PARKLANDS AND GARDENS,MELBOURNE
39,343,23139,36.7393672,BATMAN PARK & ENTERPRIZE PARK,PARKLANDS AND GARDENS,MELBOURNE
39,343,23140,38.23362334,BATMAN PARK & ENTERPRIZE PARK,PARKLANDS AND GARDENS,MELBOURNE
39,343,23141,6.530632471,BATMAN PARK & ENTERPRIZE PARK,PARKLANDS AND GARDENS,MELBOURNE
39,343,23142,6.632765586,BATMAN PARK & ENTERPRIZE PARK,PARKLANDS AND GARDENS,MELBOURNE
39,343,23143,36.86673821,BATMAN PARK & ENTERPRIZE PARK,PARKLANDS AND GARDENS,MELBOURNE
39,343,23144,36.46819541,BATMAN PARK & ENTERPRIZE PARK,PARKLANDS AND GARDENS,MELBOURNE
39,343,23145,38.17034649,BATMAN PARK & ENTERPRIZE PARK,PARKLANDS AND GARDENS,MELBOURNE
39,343,23146,38.32563766,BATMAN PARK & ENTERPRIZE PARK,PARKLANDS AND GARDENS,MELBOURNE
39,343,23147,374.6306922,BATMAN PARK & ENTERPRIZE PARK,PARKLANDS AND GARDENS,MELBOURNE
39,343,23148,404.7159696,BATMAN PARK & ENTERPRIZE PARK,PARKLANDS AND GARDENS,MELBOURNE
39,343,23124,173.762281,BATMAN HILL COMMUNITY RESERVE,PARKLANDS AND GARDENS,MELBOURNE
39,343,23125,376.4165709,BATMAN HILL COMMUNITY RESERVE,PARKLANDS AND GARDENS,MELBOURNE
39,343,23126,543.5109574,BATMAN PARK & ENTERPRIZE PARK,PARKLANDS AND GARDENS,MELBOURNE
39,343,23127,6.865238293,BATMAN PARK & ENTERPRIZE PARK,PARKLANDS AND GARDENS,MELBOURNE
39,343,23128,6.842646085,BATMAN PARK & ENTERPRIZE PARK,PARKLANDS AND GARDENS,MELBOURNE
39,343,23129,6.830626094,BATMAN PARK & ENTERPRIZE PARK,PARKLANDS AND GARDENS,MELBOURNE
39,343,23130,36.23042059,BATMAN PARK & ENTERPRIZE PARK,PARKLANDS AND GARDENS,MELBOURNE
39,343,23131,6.700883847,BATMAN PARK & ENTERPRIZE PARK,PARKLANDS AND GARDENS,MELBOURNE
39,343,23132,36.21969196,BATMAN PARK & ENTERPRIZE PARK,PARKLANDS AND GARDENS,MELBOURNE
39,343,23133,36.0196557,BATMAN PARK & ENTERPRIZE PARK,PARKLANDS AND GARDENS,MELBOURNE
39,343,23134,35.98958339,BATMAN PARK & ENTERPRIZE PARK,PARKLANDS AND GARDENS,MELBOURNE
39,343,23135,36.70368195,BATMAN PARK & ENTERPRIZE PARK,PARKLANDS AND GARDENS,MELBOURNE
39,343,23136,36.7276517,BATMAN PARK & ENTERPRIZE PARK,PARKLANDS AND GARDENS,MELBOURNE
39,343,23137,70.46856082,BATMAN PARK & ENTERPRIZE PARK,PARKLANDS AND GARDENS,MELBOURNE
39,343,24118,217.7953922,BIRRARUNG MARR,PARKLANDS AND GARDENS,MELBOURNE
39,343,24119,348.7115611,BIRRARUNG MARR,PARKLANDS AND GARDENS,MELBOURNE
39,343,24120,3301.898179,BIRRARUNG MARR,PARKLANDS AND GARDENS,MELBOURNE
39,343,24121,63.99788428,BIRRARUNG MARR,PARKLANDS AND GARDENS,MELBOURNE
39,343,25838,243.4281879,BURSTON RESERVE - EAST MELBOURNE,PARKLANDS AND GARDENS,MELBOURNE
39,343,25839,15.82770404,BURSTON RESERVE - EAST MELBOURNE,PARKLANDS AND GARDENS,MELBOURNE
39,343,26769,1209.487256,CARLTON GARDENS,PARKLANDS AND GARDENS,MELBOURNE
39,343,26770,1189.514069,CARLTON GARDENS,PARKLANDS AND GARDENS,MELBOURNE
39,343,26771,12.61022132,CARLTON GARDENS,PARKLANDS AND GARDENS,MELBOURNE
39,343,29019,385.1783183,CLAYTON RESERVE - NORTH MELBOURNE,PARKLANDS AND GARDENS,MELBOURNE
39,343,29020,162.4498496,CLAYTON RESERVE - NORTH MELBOURNE,PARKLANDS AND GARDENS,MELBOURNE
39,343,29021,213.9468859,CLAYTON RESERVE - NORTH MELBOURNE,PARKLANDS AND GARDENS,MELBOURNE
39,343,27084,193.2190204,CENTRAL PROMENADE - DOCKLANDS,PARKLANDS AND GARDENS,MELBOURNE
39,343,27085,115.6222415,CENTRAL PROMENADE - DOCKLANDS,PARKLANDS AND GARDENS,MELBOURNE
39,343,31220,320.4449493,DOCKLANDS PARK,PARKLANDS AND GARDENS,MELBOURNE
39,343,31221,469.6661504,DOCKLANDS PARK,PARKLANDS AND GARDENS,MELBOURNE
39,343,31222,247.0242224,DOCKLANDS PARK,PARKLANDS AND GARDENS,MELBOURNE
39,343,31223,545.978937,DOCKLANDS PARK,PARKLANDS AND GARDENS,MELBOURNE
39,343,30513,364.5400413,DARLING SQUARE - EAST MELBOURNE,PARKLANDS AND GARDENS,MELBOURNE
39,343,32377,779.764246,DYNON ROAD NATURE RESERVE,PARKLANDS AND GARDENS,MELBOURNE
39,343,32378,339.8201267,DYNON ROAD NATURE RESERVE,PARKLANDS AND GARDENS,MELBOURNE
39,343,32379,898.5700267,DYNON ROAD NATURE RESERVE,PARKLANDS AND GARDENS,MELBOURNE
39,343,32380,347.8137452,DYNON ROAD NATURE RESERVE,PARKLANDS AND GARDENS,MELBOURNE
39,343,32381,889.6365417,DYNON ROAD NATURE RESERVE,PARKLANDS AND GARDENS,MELBOURNE
39,343,32382,341.2606681,DYNON ROAD NATURE RESERVE,PARKLANDS AND GARDENS,MELBOURNE
39,343,32383,343.4245501,DYNON ROAD NATURE RESERVE,PARKLANDS AND GARDENS,MELBOURNE
39,343,32384,103.6205104,DYNON ROAD NATURE RESERVE,PARKLANDS AND GARDENS,MELBOURNE
39,343,32385,795.8735657,DYNON ROAD NATURE RESERVE,PARKLANDS AND GARDENS,MELBOURNE
39,343,32386,760.803798,DYNON ROAD NATURE RESERVE,PARKLANDS AND GARDENS,MELBOURNE
39,343,32390,90.47295691,EADES PARK - WEST MELBOURNE,PARKLANDS AND GARDENS,MELBOURNE
39,343,32391,130.7291262,EADES PARK - WEST MELBOURNE,PARKLANDS AND GARDENS,MELBOURNE
39,343,32392,330.5198225,EADES PARK - WEST MELBOURNE,PARKLANDS AND GARDENS,MELBOURNE
39,343,32393,105.0742018,EADES PARK - WEST MELBOURNE,PARKLANDS AND GARDENS,MELBOURNE
39,343,32394,439.8510722,EADES PARK - WEST MELBOURNE,PARKLANDS AND GARDENS,MELBOURNE
39,343,33303,3305.251334,FAWKNER PARK - SOUTH YARRA,PARKLANDS AND GARDENS,MELBOURNE
39,343,33304,220.3890058,FAWKNER PARK - SOUTH YARRA,PARKLANDS AND GARDENS,MELBOURNE
39,343,33305,142.2731124,FAWKNER PARK - SOUTH YARRA,PARKLANDS AND GARDENS,MELBOURNE
39,343,33306,143.3329063,FAWKNER PARK - SOUTH YARRA,PARKLANDS AND GARDENS,MELBOURNE
39,343,33531,411.1528104,FLINDERS PARK,PARKLANDS AND GARDENS,MELBOURNE
39,343,32938,764.1537079,ENTERPRIZE PARK - MELBOURNE,PARKLANDS AND GARDENS,MELBOURNE
39,343,32939,59.26452621,ENTERPRIZE PARK - MELBOURNE,PARKLANDS AND GARDENS,MELBOURNE
39,343,32940,285.5275266,ENTERPRIZE PARK - MELBOURNE,PARKLANDS AND GARDENS,MELBOURNE
39,343,32941,15.79624994,ENTERPRIZE PARK - MELBOURNE,PARKLANDS AND GARDENS,MELBOURNE
39,343,32942,297.5159855,ENTERPRIZE PARK - MELBOURNE,PARKLANDS AND GARDENS,MELBOURNE
39,343,34522,258.5183517,GARDINER RESERVE - NORTH MELBOURNE,PARKLANDS AND GARDENS,MELBOURNE
39,343,32943,173.29397,ENTERPRIZE PARK - MELBOURNE,PARKLANDS AND GARDENS,MELBOURNE
39,343,34523,131.5900727,GARDINER RESERVE - NORTH MELBOURNE,PARKLANDS AND GARDENS,MELBOURNE
39,343,34524,225.6467631,GARDINER RESERVE - NORTH MELBOURNE,PARKLANDS AND GARDENS,MELBOURNE
39,343,33496,1112.921218,FLAGSTAFF GARDENS - MELBOURNE,PARKLANDS AND GARDENS,MELBOURNE
39,343,32977,113.0223534,ERROL STREET PARK - NORTH MELBOURNE,PARKLANDS AND GARDENS,MELBOURNE
39,343,32978,450.0474994,ERROL STREET PARK - NORTH MELBOURNE,PARKLANDS AND GARDENS,MELBOURNE
39,343,33449,2302.999606,FITZROY GARDENS,PARKLANDS AND GARDENS,MELBOURNE
39,343,33450,10.21222852,FITZROY GARDENS,PARKLANDS AND GARDENS,MELBOURNE
39,343,33451,104.2745764,FITZROY GARDENS,PARKLANDS AND GARDENS,MELBOURNE
39,343,33452,106.198249,FITZROY GARDENS,PARKLANDS AND GARDENS,MELBOURNE
39,343,33453,12.07542162,FITZROY GARDENS,PARKLANDS AND GARDENS,MELBOURNE
39,343,34773,163.4203298,GILLOTT RESERVE - MELBOURNE,PARKLANDS AND GARDENS,MELBOURNE
39,343,35332,202.9135593,GORDON RESERVE - MELBOURNE,PARKLANDS AND GARDENS,MELBOURNE
39,343,35333,222.4472828,GORDON RESERVE - MELBOURNE,PARKLANDS AND GARDENS,MELBOURNE
39,343,35652,241.8871565,GRANT STREET PLAYGROUND RESERVE,PARKLANDS AND GARDENS,MELBOURNE
39,343,35653,243.0620994,GRANT STREET PLAYGROUND RESERVE,PARKLANDS AND GARDENS,MELBOURNE
39,343,35654,94.96608386,GRANT STREET PLAYGROUND RESERVE,PARKLANDS AND GARDENS,MELBOURNE
39,343,35655,1006.764054,GRANT STREET PLAYGROUND RESERVE,PARKLANDS AND GARDENS,MELBOURNE
39,343,35656,21.09387059,GRANT STREET PLAYGROUND RESERVE,PARKLANDS AND GARDENS,MELBOURNE
39,343,35657,277.2910366,GRANT STREET PLAYGROUND RESERVE,PARKLANDS AND GARDENS,MELBOURNE
39,343,36319,565.3432624,HARDY RESERVE - PRINCES HILL,PARKLANDS AND GARDENS,MELBOURNE
39,343,36320,544.1352377,HARDY RESERVE - PRINCES HILL,PARKLANDS AND GARDENS,MELBOURNE
39,343,36652,230.8356391,HIGHETT STREET RESERVE,PARKLANDS AND GARDENS,MELBOURNE
39,343,36406,45.91224753,HAWKE STREET RESERVE - NORTH MELBOURNE,PARKLANDS AND GARDENS,MELBOURNE
39,343,36407,169.9897292,HAWKE STREET RESERVE - NORTH MELBOURNE,PARKLANDS AND GARDENS,MELBOURNE
39,343,36408,111.1649147,HAWKE STREET RESERVE - NORTH MELBOURNE,PARKLANDS AND GARDENS,MELBOURNE
39,343,36409,110.568029,HAWKE STREET RESERVE - NORTH MELBOURNE,PARKLANDS AND GARDENS,MELBOURNE
39,343,37997,258.9064444,KENSINGTON HALL RESERVE,PARKLANDS AND GARDENS,MELBOURNE
39,343,38439,1449.914386,KINGS DOMAIN SOUTH,PARKLANDS AND GARDENS,MELBOURNE
39,343,38440,1618.402329,KINGS DOMAIN SOUTH,PARKLANDS AND GARDENS,MELBOURNE
39,343,39933,235.0341306,LEVERS RESERVE - PARKVILLE,PARKLANDS AND GARDENS,MELBOURNE
39,343,39934,206.0625633,LEVERS RESERVE - PARKVILLE,PARKLANDS AND GARDENS,MELBOURNE
39,343,39935,369.9434581,LEVERS RESERVE - PARKVILLE,PARKLANDS AND GARDENS,MELBOURNE
39,343,39936,332.0333048,LEVERS RESERVE - PARKVILLE,PARKLANDS AND GARDENS,MELBOURNE
39,343,39937,142.9202891,LEVERS RESERVE - PARKVILLE,PARKLANDS AND GARDENS,MELBOURNE
39,343,39938,164.6384196,LEVESON STREET RESERVE - NORTH MELBOURNE,PARKLANDS AND GARDENS,MELBOURNE
39,343,40021,464.560587,LINCOLN SQUARE - CARLTON,PARKLANDS AND GARDENS,MELBOURNE
39,343,41130,402.1936251,MACARTHUR SQUARE - CARLTON,PARKLANDS AND GARDENS,MELBOURNE
39,343,42087,1260.693648,MELBOURNE GOVERNMENT HOUSE & GARDENS,PARKLANDS AND GARDENS,MELBOURNE
39,343,42102,2459.851444,MELBOURNE ROYAL BOTANIC GARDENS,PARKLANDS AND GARDENS,MELBOURNE
39,343,42118,503.8277291,MELBOURNE ZOOLOGICAL GARDENS,PARKLANDS AND GARDENS,MELBOURNE
39,343,41596,511.2692452,MARIBYRNONG RIVER PARKLAND,PARKLANDS AND GARDENS,MELBOURNE
39,343,41597,22.16703228,MARIBYRNONG RIVER PARKLAND,PARKLANDS AND GARDENS,MELBOURNE
39,343,42016,252.5733452,MELBOURNE - MARQUIS OF LINLITHGOW MONUMENT,PARKLANDS AND GARDENS,MELBOURNE
39,343,45356,1436.462333,NEW QUAY PROMENADE - DOCKLANDS,PARKLANDS AND GARDENS,MELBOURNE
39,343,44600,251.1385899,MURCHISON SQUARE - CARLTON,PARKLANDS AND GARDENS,MELBOURNE
39,343,46952,141.3975998,PARK STREET GARDENS - PARKVILLE,PARKLANDS AND GARDENS,MELBOURNE
39,343,47557,467.459444,POINT PARK - MELBOURNE,PARKLANDS AND GARDENS,MELBOURNE
39,343,47455,317.7016132,PLEASANCE GARDENS RESERVE - NTH MELBOURNE,PARKLANDS AND GARDENS,MELBOURNE
39,343,46991,220.0298362,PARKVILLE ORNAMENTAL PLANTATION,PARKLANDS AND GARDENS,MELBOURNE
39,343,46992,205.8890293,PARKVILLE PLANTATION RESERVE,PARKLANDS AND GARDENS,MELBOURNE
39,343,46994,396.3929082,PARLIAMENT GARDENS - MELBOURNE,PARKLANDS AND GARDENS,MELBOURNE
39,343,47996,606.8826898,POWLETT RESERVE - EAST MELBOURNE,PARKLANDS AND GARDENS,MELBOURNE
39,343,50998,1271.449655,RIVER ESPLANADE,PARKLANDS AND GARDENS,MELBOURNE
39,343,51382,1641.117408,ROYAL PARK PARKLAND,PARKLANDS AND GARDENS,MELBOURNE
39,343,51383,1241.970195,ROYAL PARK PARKLAND,PARKLANDS AND GARDENS,MELBOURNE
39,343,51384,332.0020612,ROYAL PARK PARKLAND,PARKLANDS AND GARDENS,MELBOURNE
39,343,51385,844.1674457,ROYAL PARK PARKLAND,PARKLANDS AND GARDENS,MELBOURNE
39,343,51386,1299.20424,ROYAL PARK PARKLAND,PARKLANDS AND GARDENS,MELBOURNE
39,343,51387,1333.313623,ROYAL PARK PARKLAND,PARKLANDS AND GARDENS,MELBOURNE
39,343,51388,1182.676717,ROYAL PARK PARKLAND,PARKLANDS AND GARDENS,MELBOURNE
39,343,51389,1271.147534,ROYAL PARK PARKLAND,PARKLANDS AND GARDENS,MELBOURNE
39,343,51390,686.6628525,ROYAL PARK PARKLAND,PARKLANDS AND GARDENS,MELBOURNE
39,343,51391,3261.554621,ROYAL PARK PARKLAND,PARKLANDS AND GARDENS,MELBOURNE
39,343,52784,804.7061078,SOUTH WHARF PROMENADE - MELBOURNE,PARKLANDS AND GARDENS,MELBOURNE
39,343,52788,160.8688548,SOUTHBANK PROMENADE,PARKLANDS AND GARDENS,MELBOURNE
39,343,52789,551.4428871,SOUTHBANK PROMENADE,PARKLANDS AND GARDENS,MELBOURNE
39,343,52790,431.6956507,SOUTHBANK PROMENADE,PARKLANDS AND GARDENS,MELBOURNE
39,343,52791,29.14382372,SOUTHBANK PROMENADE,PARKLANDS AND GARDENS,MELBOURNE
39,343,52792,489.8352552,SOUTHBANK PROMENADE,PARKLANDS AND GARDENS,MELBOURNE
39,343,52793,94.95355276,SOUTHBANK PROMENADE,PARKLANDS AND GARDENS,MELBOURNE
39,343,51392,1639.229177,ROYAL PARK PARKLAND,PARKLANDS AND GARDENS,MELBOURNE
39,343,51393,51.93875331,ROYAL PARK PARKLAND,PARKLANDS AND GARDENS,MELBOURNE
39,343,51394,83.56742663,ROYAL PARK PARKLAND,PARKLANDS AND GARDENS,MELBOURNE
39,343,51395,290.4648575,ROYAL PARK PARKLAND,PARKLANDS AND GARDENS,MELBOURNE
39,343,51396,458.1144781,ROYAL PARK PARKLAND,PARKLANDS AND GARDENS,MELBOURNE
39,343,51397,334.669675,ROYAL PARK PARKLAND,PARKLANDS AND GARDENS,MELBOURNE
39,343,51408,781.9482824,ROYAL PARK WETLANDS,PARKLANDS AND GARDENS,MELBOURNE
39,343,51409,46.72545096,ROYAL PARK WETLANDS,PARKLANDS AND GARDENS,MELBOURNE
39,343,51410,47.4547012,ROYAL PARK WETLANDS,PARKLANDS AND GARDENS,MELBOURNE
39,343,51411,3975.550475,ROYAL PARK WETLANDS,PARKLANDS AND GARDENS,MELBOURNE
39,343,52794,10.34198326,SOUTHBANK PROMENADE,PARKLANDS AND GARDENS,MELBOURNE
39,343,52795,29.73979336,SOUTHBANK PROMENADE,PARKLANDS AND GARDENS,MELBOURNE
39,343,52796,39.91170926,SOUTHBANK PROMENADE,PARKLANDS AND GARDENS,MELBOURNE
39,343,52797,282.1555627,SOUTHBANK PROMENADE,PARKLANDS AND GARDENS,MELBOURNE
39,343,52798,94.01252036,SOUTHBANK PROMENADE,PARKLANDS AND GARDENS,MELBOURNE
39,343,52799,66.01575515,SOUTHBANK PROMENADE,PARKLANDS AND GARDENS,MELBOURNE
39,343,52800,289.548786,SOUTHBANK PROMENADE,PARKLANDS AND GARDENS,MELBOURNE
39,343,52801,179.9097852,SOUTHBANK PROMENADE,PARKLANDS AND GARDENS,MELBOURNE
39,343,52802,580.1677345,SOUTHBANK PROMENADE,PARKLANDS AND GARDENS,MELBOURNE
39,343,52803,207.371906,SOUTHBANK PROMENADE,PARKLANDS AND GARDENS,MELBOURNE
39,343,51361,217.3961857,ROYAL BOTANIC GARDENS - MELBOURNE,PARKLANDS AND GARDENS,MELBOURNE
39,343,51362,321.3335774,ROYAL BOTANIC GARDENS - MELBOURNE,PARKLANDS AND GARDENS,MELBOURNE
39,343,51363,647.0105317,ROYAL BOTANIC GARDENS - MELBOURNE,PARKLANDS AND GARDENS,MELBOURNE
39,343,51380,2581.492814,ROYAL PARK PARKLAND,PARKLANDS AND GARDENS,MELBOURNE
39,343,51381,726.6554642,ROYAL PARK PARKLAND,PARKLANDS AND GARDENS,MELBOURNE
39,343,55298,139.8620417,TOORAK RD PARKLAND - SOUTH YARRA,PARKLANDS AND GARDENS,MELBOURNE
39,343,54896,421.8071074,THE DOMAIN & TAN - MELBOURNE,PARKLANDS AND GARDENS,MELBOURNE
39,343,54907,1380.082897,THE KINGS DOMAIN RESERVE,PARKLANDS AND GARDENS,MELBOURNE
39,343,54908,1040.912917,THE KINGS DOMAIN RESERVE,PARKLANDS AND GARDENS,MELBOURNE
39,343,54909,755.3027627,THE KINGS DOMAIN RESERVE,PARKLANDS AND GARDENS,MELBOURNE
39,343,54910,460.1967762,THE KINGS DOMAIN RESERVE,PARKLANDS AND GARDENS,MELBOURNE
39,343,54911,302.3223892,THE KINGS DOMAIN RESERVE,PARKLANDS AND GARDENS,MELBOURNE
39,343,54912,170.0326041,THE KINGS DOMAIN RESERVE,PARKLANDS AND GARDENS,MELBOURNE
39,343,54913,53.08364294,THE KINGS DOMAIN RESERVE,PARKLANDS AND GARDENS,MELBOURNE
39,343,55506,978.7465313,TREASURY GARDENS - MELBOURNE,PARKLANDS AND GARDENS,MELBOURNE
39,343,58194,637.7175327,VICTORIA HARBOUR PROMENADE,PARKLANDS AND GARDENS,MELBOURNE
39,343,57649,544.455702,UNIVERSITY SQUARE - CARLTON,PARKLANDS AND GARDENS,MELBOURNE
39,343,60989,14.23334989,WESTGATE PARK,PARKLANDS AND GARDENS,MELBOURNE
39,343,60990,107.3338039,WESTGATE PARK,PARKLANDS AND GARDENS,MELBOURNE
39,343,61170,76.99620151,WILLIAM ST PARK - WEST MELBOURNE,PARKLANDS AND GARDENS,MELBOURNE
39,343,60625,1084.847812,WELLINGTON PARK & JOLIMONT RESERVES,PARKLANDS AND GARDENS,MELBOURNE
39,343,61171,73.459804,WILLIAM ST PARK - WEST MELBOURNE,PARKLANDS AND GARDENS,MELBOURNE
39,343,61172,149.9349614,WILLIAM ST PARK - WEST MELBOURNE,PARKLANDS AND GARDENS,MELBOURNE
39,343,61173,114.6271429,WILLIAM ST PARK - WEST MELBOURNE,PARKLANDS AND GARDENS,MELBOURNE
39,343,61174,65.49869164,WILLIAM ST PARK - WEST MELBOURNE,PARKLANDS AND GARDENS,MELBOURNE
39,343,62181,2689.679571,YARRA PARK,PARKLANDS AND GARDENS,MELBOURNE
39,343,62182,659.2778354,YARRA PARK,PARKLANDS AND GARDENS,MELBOURNE
39,343,61633,333.9807479,WOMENS PEACE GARDENS - KENSINGTON,PARKLANDS AND GARDENS,MELBOURNE
39,343,62274,564.3545412,YARRA RIVER NORTH BANK,PARKLANDS AND GARDENS,MELBOURNE
39,343,62275,133.7334681,YARRA RIVER NORTH BANK,PARKLANDS AND GARDENS,MELBOURNE
39,343,62276,457.4988375,YARRA RIVER NORTH BANK,PARKLANDS AND GARDENS,MELBOURNE
39,343,62277,1313.193493,YARRA RIVER NORTH BANK,PARKLANDS AND GARDENS,MELBOURNE
39,343,42117,1739.576027,MELBOURNE ZOOLOGICAL GARDENS,PARKLANDS AND GARDENS,MELBOURNE
39,344,36369,282.1141137,HARRY ALLEN RESERVE - MELTON,PARKLANDS AND GARDENS,MELTON
39,344,42125,141.0978243,MELTON PUBLIC PURPOSES RESERVE,PARKLANDS AND GARDENS,MELTON
38,347,30092,282.7597691,CUA - PARKLANDS AND GARDENS,PARKLANDS AND GARDENS,MOIRA
38,347,30093,603.9520825,"CUA - PARKLANDS AND GARDENS, YARRAWONGA",PARKLANDS AND GARDENS,MOIRA
34,347,37925,41.36863726,KATAMATITE PARK AND GARDENS RESERVE,PARKLANDS AND GARDENS,MOIRA
34,347,41681,389.9095509,MARUNGI MEMORIAL PARK RESERVE,PARKLANDS AND GARDENS,MOIRA
34,347,45977,998.718231,NUMURKAH ORNAMENTAL LAKE AND PARK,PARKLANDS AND GARDENS,MOIRA
34,347,45982,103.6159322,NUMURKAH PARK & RECREATION RESERVE1,PARKLANDS AND GARDENS,MOIRA
34,347,46967,929.1596168,PARKLANDS AND GARDENS,PARKLANDS AND GARDENS,MOIRA
34,347,46969,444.5847228,PARKLANDS AND GARDENS,PARKLANDS AND GARDENS,MOIRA
34,347,46970,465.4368027,PARKLANDS AND GARDENS,PARKLANDS AND GARDENS,MOIRA
34,347,46971,621.3544897,PARKLANDS AND GARDENS,PARKLANDS AND GARDENS,MOIRA
34,347,46972,286.8069525,PARKLANDS AND GARDENS,PARKLANDS AND GARDENS,MOIRA
34,347,46975,1469.426127,PARKLANDS AND GARDENS,PARKLANDS AND GARDENS,MOIRA
34,347,46983,358.1733263,PARKLANDS AND GARDENS,PARKLANDS AND GARDENS,MOIRA
34,347,61097,783.8016332,WILBY PUBLIC PARK,PARKLANDS AND GARDENS,MOIRA
39,348,21591,358.7429459,ASHWOOD RESERVE PARKLAND,PARKLANDS AND GARDENS,MONASH
39,348,33169,487.1773563,FAIRWAY RESERVE - WAVERLEY,PARKLANDS AND GARDENS,MONASH
39,348,34534,1063.091822,GARDINERS CREEK TRAIL - ASHWOOD,PARKLANDS AND GARDENS,MONASH
39,348,51887,1297.614001,SCOTCHMANS CREEK LINEAR RESERVE,PARKLANDS AND GARDENS,MONASH
39,348,51888,671.8438746,SCOTCHMANS CREEK LINEAR RESERVE,PARKLANDS AND GARDENS,MONASH
39,348,51889,1328.060818,SCOTCHMANS CREEK LINEAR RESERVE,PARKLANDS AND GARDENS,MONASH
39,348,51890,118.6561071,SCOTCHMANS CREEK LINEAR RESERVE,PARKLANDS AND GARDENS,MONASH
39,348,58828,460.5400417,WARRAWEE PARKLAND - OAKLEIGH,PARKLANDS AND GARDENS,MONASH
39,349,18649,188.8229007,RHONDA ST RS PLAYGROUND - AVONDALE HEIGHTS,PARKLANDS AND GARDENS,MOONEE VALLEY
39,349,25988,137.7625961,CALWELL PARK - TRAVENCORE,PARKLANDS AND GARDENS,MOONEE VALLEY
39,349,32995,281.620427,ESSENDON PUBLIC PARK,PARKLANDS AND GARDENS,MOONEE VALLEY
39,349,46472,109.0134686,ORMOND RD PARKLAND - ASCOT VALE,PARKLANDS AND GARDENS,MOONEE VALLEY
39,349,46473,193.2526289,ORMOND RD PARKLAND - ASCOT VALE,PARKLANDS AND GARDENS,MOONEE VALLEY
39,349,47117,348.6125753,PASCOE RESERVE - ESSENDON,PARKLANDS AND GARDENS,MOONEE VALLEY
39,349,49137,1112.677883,QUEENS PARK RESERVE - MOONEE PONDS,PARKLANDS AND GARDENS,MOONEE VALLEY
39,349,54947,457.9997432,THOMPSON RESERVE - ESSENDON,PARKLANDS AND GARDENS,MOONEE VALLEY
39,349,61428,220.4014581,WINDSOR DRIVE PARKLAND - AVONDALE HEIGHTS,PARKLANDS AND GARDENS,MOONEE VALLEY
39,349,61429,433.0178839,WINDSOR DRIVE PARKLAND - AVONDALE HEIGHTS,PARKLANDS AND GARDENS,MOONEE VALLEY
39,351,17775,936.866006,MERRI CREEK PARKLAND - FAWKNER,PARKLANDS AND GARDENS,MERRI-BEK
39,351,17776,109.4829211,MERRI CREEK PARKLAND - FAWKNER,PARKLANDS AND GARDENS,MERRI-BEK
39,351,17777,139.7383084,MERRI CREEK PARKLAND - FAWKNER,PARKLANDS AND GARDENS,MERRI-BEK
39,351,17778,110.0841,MERRI CREEK PARKLAND - FAWKNER,PARKLANDS AND GARDENS,MERRI-BEK
39,351,24660,340.0950901,BRADDY RESERVE - BRUNSWICK WEST,PARKLANDS AND GARDENS,MERRI-BEK
39,351,24661,208.6746077,BRADDY RESERVE - BRUNSWICK WEST,PARKLANDS AND GARDENS,MERRI-BEK
39,351,29231,802.9990677,COBURG LAKE,PARKLANDS AND GARDENS,MERRI-BEK
39,351,30661,1399.269628,DE CHENE RESERVE - PARKLAND & GARDEN,PARKLANDS AND GARDENS,MERRI-BEK
39,351,32673,1729.362195,EDGARS CREEK PARKLAND - COBURG NORTH,PARKLANDS AND GARDENS,MERRI-BEK
39,351,32674,1196.486935,EDGARS CREEK PARKLAND - COBURG NORTH,PARKLANDS AND GARDENS,MERRI-BEK
39,351,32675,844.9847645,EDGARS CREEK PARKLAND - COBURG NORTH,PARKLANDS AND GARDENS,MERRI-BEK
39,351,32676,1335.243571,EDGARS CREEK PARKLAND - COBURG NORTH,PARKLANDS AND GARDENS,MERRI-BEK
39,351,32996,966.8550101,ESSLEMONT RESERVE - PASCOE VALE,PARKLANDS AND GARDENS,MERRI-BEK
39,351,34117,113.3222702,FRASER RESERVE - BRUNSWICK WEST,PARKLANDS AND GARDENS,MERRI-BEK
39,351,36836,147.2695423,HOPETOUN AVENUE RESERVE - BRUNSWICK,PARKLANDS AND GARDENS,MERRI-BEK
39,351,37171,342.4627416,HUDSON RESERVE - BRUNSWICK WEST,PARKLANDS AND GARDENS,MERRI-BEK
39,351,37172,204.4530164,HUDSON RESERVE - BRUNSWICK WEST,PARKLANDS AND GARDENS,MERRI-BEK
39,351,37742,1589.313621,JUKES ROAD RECREATION RESERVE,PARKLANDS AND GARDENS,MERRI-BEK
39,351,38771,369.9696778,L D JOHNS RESERVE - BRUNSWICK WEST,PARKLANDS AND GARDENS,MERRI-BEK
39,351,38772,191.6647462,L D JOHNS RESERVE - BRUNSWICK WEST,PARKLANDS AND GARDENS,MERRI-BEK
39,351,39832,507.9592807,LEBANON RESERVE,PARKLANDS AND GARDENS,MERRI-BEK
39,351,41799,142.9315543,MCCOLL COURT LAND - BRUNSWICK WEST,PARKLANDS AND GARDENS,MERRI-BEK
39,351,42452,395.4927235,MERRI CREEK PARKLAND - FAWKNER,PARKLANDS AND GARDENS,MERRI-BEK
39,351,42453,139.774695,MERRI CREEK PARKLAND - FAWKNER,PARKLANDS AND GARDENS,MERRI-BEK
39,351,52397,373.7979935,SHIELS RESERVE - BRUNSWICK WEST,PARKLANDS AND GARDENS,MERRI-BEK
39,351,55630,233.4637026,TURNBULL DRIVE PARKLAND - PASCOE VALE SOUTH,PARKLANDS AND GARDENS,MERRI-BEK
39,351,61037,102.2167939,WHEELER ST RESERVE - PASCOE VALE SOUTH,PARKLANDS AND GARDENS,MERRI-BEK
39,351,60820,128.068149,WEST BRUNSWICK CHILDRENS PLAYGROUND,PARKLANDS AND GARDENS,MERRI-BEK
32,352,21348,55.56591155,ANNIVERSARY PARK,PARKLANDS AND GARDENS,MORNINGTON PENINSULA
32,352,34070,256.9567483,FRANKSTON PUBLIC PURPOSES RESERVE,PARKLANDS AND GARDENS,MORNINGTON PENINSULA
32,352,43501,1557.447673,MOOROODUC PUBLIC PURPOSE RESERVE (FORMER RUBBISH DUMP),PARKLANDS AND GARDENS,MORNINGTON PENINSULA
32,352,43562,313.9504837,MORELL RESERVE MORNINGTON,PARKLANDS AND GARDENS,MORNINGTON PENINSULA
32,352,43563,279.0831004,MORELL RESERVE MORNINGTON,PARKLANDS AND GARDENS,MORNINGTON PENINSULA
32,352,46483,361.4463657,OSBORNE PARK,PARKLANDS AND GARDENS,MORNINGTON PENINSULA
32,352,34071,303.5718074,FRANKSTON PUBLIC PURPOSES RESERVE,PARKLANDS AND GARDENS,MORNINGTON PENINSULA
34,353,25252,143.5757656,BUDA HISTORIC HOME & GARDEN,PARKLANDS AND GARDENS,MOUNT ALEXANDER
34,353,26911,2710.264583,CASTLEMAINE BOTANIC GARDENS,PARKLANDS AND GARDENS,MOUNT ALEXANDER
34,353,28719,309.8588127,CHARLES STREET CHILDRENS PLAYGROUND,PARKLANDS AND GARDENS,MOUNT ALEXANDER
34,353,36638,187.0425559,HIGH STREET HARCOURT VERGE,PARKLANDS AND GARDENS,MOUNT ALEXANDER
34,353,37767,3064.379754,KALIMNA PARK,PARKS AND GARDENS,MOUNT ALEXANDER
34,353,39607,432.1987953,LANGSLOW STREET SCHOOL SITE,PARKLANDS AND GARDENS,MOUNT ALEXANDER
34,353,41320,79.95255784,MALDON MEMORIAL CAIRN RESERVE,PARKLANDS AND GARDENS,MOUNT ALEXANDER
34,353,41321,342.8284405,MALDON MUNICIPAL OFFICES & GARDENS,PARKLANDS AND GARDENS,MOUNT ALEXANDER
34,353,41323,72.97810488,MALDON PARKLAND,PARKLANDS AND GARDENS,MOUNT ALEXANDER
34,353,41324,98.13407731,MALDON PARKLAND,PARKLANDS AND GARDENS,MOUNT ALEXANDER
34,353,45409,999.2256566,NEWSTEAD PUBLIC GARDENS,PARKLANDS AND GARDENS,MOUNT ALEXANDER
34,353,45410,254.3623519,NEWSTEAD PUBLIC PARK,PARKLANDS AND GARDENS,MOUNT ALEXANDER
34,353,47569,198.3237651,POLICE RESERVE (FORMER),PARKLANDS AND GARDENS,MOUNT ALEXANDER
34,353,53185,217.0266446,STANLEY PARK,PARKLANDS AND GARDENS,MOUNT ALEXANDER
34,353,52729,142.9614991,SOUTH CASTLEMAINE CHILDRENS PLAYGROUND,PARKLANDS AND GARDENS,MOUNT ALEXANDER
34,353,54508,354.7384801,TARADALE MINERAL SPRINGS RESERVE,PARKLANDS AND GARDENS,MOUNT ALEXANDER
34,353,54509,779.317738,TARADALE MINERAL SPRINGS RESERVE,PARKLANDS AND GARDENS,MOUNT ALEXANDER
34,353,58273,351.4622693,VICTORY PARK1,PARKLANDS AND GARDENS,MOUNT ALEXANDER
34,353,60805,111.0978028,WESLEY HILL PLAYGROUND RESERVE,PARKLANDS AND GARDENS,MOUNT ALEXANDER
32,355,34216,1513.782288,GALLIPOLI PARK - MARYSVILLE,PARKLANDS AND GARDENS,MURRINDINDI
32,355,34217,205.4059583,GALLIPOLI PARK - MARYSVILLE,PARKLANDS AND GARDENS,MURRINDINDI
32,355,35946,737.2320896,GUM TREE GULLY RESERVE,PARKLANDS AND GARDENS,MURRINDINDI
32,355,58073,1965.603633,UT CREEK RESERVE - ALEXANDRA,PARKLANDS AND GARDENS,MURRINDINDI
32,355,58074,415.3486799,UT CREEK RESERVE - ALEXANDRA,PARKLANDS AND GARDENS,MURRINDINDI
32,355,58075,392.2249879,UT CREEK RESERVE - ALEXANDRA,PARKLANDS AND GARDENS,MURRINDINDI
32,355,58076,60.39179353,UT CREEK RESERVE - ALEXANDRA,PARKLANDS AND GARDENS,MURRINDINDI
32,355,58077,311.9144044,UT CREEK RESERVE - ALEXANDRA,PARKLANDS AND GARDENS,MURRINDINDI
32,355,58078,130.2027937,UT CREEK RESERVE - ALEXANDRA,PARKLANDS AND GARDENS,MURRINDINDI
32,355,58446,466.8740426,WALTER MOORE PARK - EILDON,PARKLANDS AND GARDENS,MURRINDINDI
32,355,62725,153.1877641,YEA PUBLIC GARDENS,PARKLANDS AND GARDENS,MURRINDINDI
32,355,62726,75.44281055,YEA PUBLIC GARDENS,PARKLANDS AND GARDENS,MURRINDINDI
32,355,62728,144.9372045,YEA RAILWAY STATION PARKLAND,PARKLANDS AND GARDENS,MURRINDINDI
32,355,62729,708.4095231,YEA RIFLE RANGE (FORMER),PARKLANDS AND GARDENS,MURRINDINDI
39,356,50646,286.6875209,RESEARCH GULLY RESERVE,PARKLANDS AND GARDENS,NILLUMBIK
39,356,50647,263.3736163,RESEARCH GULLY RESERVE,PARKLANDS AND GARDENS,NILLUMBIK
39,356,53025,190.6315569,ST ANDREWS PLAYGROUND & CAR PARK,PARKLANDS AND GARDENS,NILLUMBIK
34,357,23997,927.5376733,BIG HILL & PIONEERS MEMORIAL,PARKLANDS AND GARDENS,NORTHERN GRAMPIANS
34,357,24016,5054.751977,BIG HILL PARKLANDS AND GARDENS RESERVE,PARKLANDS AND GARDENS,NORTHERN GRAMPIANS
34,357,24020,210.8276021,BIG HILL RESERVE,PARKLANDS AND GARDENS,NORTHERN GRAMPIANS
34,357,30229,308.7381563,CYPRESS STREET PUBLIC PARK RESERVE,PARKLANDS AND GARDENS,NORTHERN GRAMPIANS
34,357,30519,164.0512409,DARLINGTON ROAD PLAYGROUND,PARKLANDS AND GARDENS,NORTHERN GRAMPIANS
34,357,30520,254.5011518,DARLINGTON ST PUBLIC PARK RESERVE,PARKLANDS AND GARDENS,NORTHERN GRAMPIANS
34,357,33317,857.8326564,FEDERATION PARK,PARKLANDS AND GARDENS,NORTHERN GRAMPIANS
34,357,33318,409.7422875,FEDERATION PARK,PARKLANDS AND GARDENS,NORTHERN GRAMPIANS
34,357,34114,475.2542823,FRASER PARK RESERVE,PARKLANDS AND GARDENS,NORTHERN GRAMPIANS
34,357,34115,138.3548939,FRASER PARK RESERVE,PARKLANDS AND GARDENS,NORTHERN GRAMPIANS
34,357,34116,97.08443106,FRASER PARK RESERVE,PARKLANDS AND GARDENS,NORTHERN GRAMPIANS
34,357,35895,2444.802704,GREENS CREEK PUBLIC PARK,PARKLANDS AND GARDENS,NORTHERN GRAMPIANS
34,357,39960,89.93088048,LIGAR STREET PLAYGROUND,PARKLANDS AND GARDENS,NORTHERN GRAMPIANS
34,357,46966,425.1327403,PARKLAND1,PARKLANDS AND GARDENS,NORTHERN GRAMPIANS
34,357,47134,187.2443102,PATRICK STREET PUBLIC PARK,PARKLANDS AND GARDENS,NORTHERN GRAMPIANS
34,357,49118,644.2475343,QUEEN MARY GARDENS,PARKLANDS AND GARDENS,NORTHERN GRAMPIANS
34,357,52417,124.0741242,SILVERMINES ROAD CHILDRENS PLAYGROUND,PARKLANDS AND GARDENS,NORTHERN GRAMPIANS
34,357,54771,311.10806,TAYLORS GULLY PARK RESERVE,PARKLANDS AND GARDENS,NORTHERN GRAMPIANS
34,357,54772,325.9737554,TAYLORS GULLY PARK RESERVE,PARKLANDS AND GARDENS,NORTHERN GRAMPIANS
34,357,54773,263.523301,TAYLORS GULLY PARK RESERVE,PARKLANDS AND GARDENS,NORTHERN GRAMPIANS
34,357,55329,434.4703842,TOWN HALL GARDENS,PARKLANDS AND GARDENS,NORTHERN GRAMPIANS
39,358,16628,577.0013732,KIRRIP PARK - SOUTH MELBOURNE,PARKLANDS AND GARDENS,PORT PHILLIP
39,358,21239,1079.782846,ALMA PARK - ST KILDA EAST,PARKLANDS AND GARDENS,PORT PHILLIP
39,358,21240,1009.67833,ALMA PARK - ST KILDA EAST,PARKLANDS AND GARDENS,PORT PHILLIP
39,358,21211,288.7766663,ALFRED SQUARE - ST KILDA,PARKLANDS AND GARDENS,PORT PHILLIP
39,358,29039,133.8345764,CLEVE GARDENS,PARKLANDS AND GARDENS,PORT PHILLIP
39,358,26936,1211.148018,CATANI GARDENS - ST KILDA,PARKLANDS AND GARDENS,PORT PHILLIP
39,358,26937,1937.30602,CATANI GARDENS - ST KILDA,PARKLANDS AND GARDENS,PORT PHILLIP
39,358,26938,120.5331075,CATANI GARDENS - ST KILDA,PARKLANDS AND GARDENS,PORT PHILLIP
39,358,29008,349.2020314,CLARKE RESERVE - ELWOOD,PARKLANDS AND GARDENS,PORT PHILLIP
39,358,30020,247.177216,CRICHTON RESERVE - PORT MELBOURNE,PARKLANDS AND GARDENS,PORT PHILLIP
39,358,30593,185.4940624,DAWKINS RESERVE - ELWOOD,PARKLANDS AND GARDENS,PORT PHILLIP
39,358,30408,138.9214377,DANKS STREET PLAYGROUND - ALBERT PARK,PARKLANDS AND GARDENS,PORT PHILLIP
39,358,32706,378.9222191,EDWARDS PARK - PORT MELBOURNE,PARKLANDS AND GARDENS,PORT PHILLIP
39,358,32707,264.8948418,EDWARDS PARK - PORT MELBOURNE,PARKLANDS AND GARDENS,PORT PHILLIP
39,358,32586,264.3169097,EASTERN RESERVE - SOUTH MELBOURNE,PARKLANDS AND GARDENS,PORT PHILLIP
39,358,32587,242.1636122,EASTERN RESERVE - SOUTH MELBOURNE,PARKLANDS AND GARDENS,PORT PHILLIP
39,358,34510,1158.455713,GARDEN CITY RESERVE - PORT MELBOURNE,PARKLANDS AND GARDENS,PORT PHILLIP
39,358,32877,395.6052408,ELWOOD PRIMARY SCHOOL PARKLAND,PARKLANDS AND GARDENS,PORT PHILLIP
39,358,32878,172.7164247,ELWOOD PRIMARY SCHOOL PARKLAND,PARKLANDS AND GARDENS,PORT PHILLIP
39,358,32879,203.6415092,ELWOOD PRIMARY SCHOOL PARKLAND,PARKLANDS AND GARDENS,PORT PHILLIP
39,358,32888,236.2771715,EMERALD HILL PUBLIC GARDENS - SOUTH MELBOURNE,PARKLANDS AND GARDENS,PORT PHILLIP
39,358,32889,246.092072,EMERALD HILL PUBLIC GARDENS - SOUTH MELBOURNE,PARKLANDS AND GARDENS,PORT PHILLIP
39,358,33322,301.6586307,FENNELL RESERVE - PORT MELBOURNE LIGHT RAIL PARKLANDS,PARKLANDS AND GARDENS,PORT PHILLIP
39,358,33985,155.9038578,FRANK & MARY CREAN RESERVE,PARKLANDS AND GARDENS,PORT PHILLIP
39,358,34556,698.2219168,GASWORKS PARK - ALBERT PARK,PARKLANDS AND GARDENS,PORT PHILLIP
39,358,34771,363.9382334,GILL RESERVE - PORT MELBOURNE LIGHT RAIL PARKLANDS,PARKLANDS AND GARDENS,PORT PHILLIP
39,358,36542,189.3142161,HESTER RESERVE  - PORT MELBOURNE LIGHT RAIL PARKLANDS,PARKLANDS AND GARDENS,PORT PHILLIP
39,358,36543,792.3802427,HESTER RESERVE  - PORT MELBOURNE LIGHT RAIL PARKLANDS,PARKLANDS AND GARDENS,PORT PHILLIP
39,358,37514,183.9109025,JACOBY  RESERVE - ST KILDA,PARKLANDS AND GARDENS,PORT PHILLIP
39,358,37515,154.697573,JACOBY  RESERVE - ST KILDA,PARKLANDS AND GARDENS,PORT PHILLIP
39,358,37148,363.7668015,HOWE RESERVE - PORT MELBOURNE LIGHT RAIL PARKLANDS,PARKLANDS AND GARDENS,PORT PHILLIP
39,358,37149,106.3997677,HOWE RESERVE - PORT MELBOURNE LIGHT RAIL PARKLANDS,PARKLANDS AND GARDENS,PORT PHILLIP
39,358,38447,261.4470663,KINGS WAY RESERVE - MELBOURNE,PARKLANDS AND GARDENS,PORT PHILLIP
39,358,38464,187.3360887,KIRRIP PARK - SOUTH MELBOURNE,PARKLANDS AND GARDENS,PORT PHILLIP
39,358,40985,721.9024543,LOWER ESPLANADE RESERVE - ST KILDA,PARKLANDS AND GARDENS,PORT PHILLIP
39,358,40986,60.18321291,LOWER ESPLANADE RESERVE - ST KILDA,PARKLANDS AND GARDENS,PORT PHILLIP
39,358,41043,135.1360338,LYELL IFFLA RESERVE - SOUTH MELBOURNE,PARKLANDS AND GARDENS,PORT PHILLIP
39,358,43164,107.9180915,MITTY RESERVE - ELWOOD,PARKLANDS AND GARDENS,PORT PHILLIP
39,358,46057,406.8556944,O'DONNELL GARDENS - ST KILDA,PARKLANDS AND GARDENS,PORT PHILLIP
39,358,46868,309.8691273,PAGE RESERVE - PORT MELBOURNE LIGHT RAIL PARKLANDS,PARKLANDS AND GARDENS,PORT PHILLIP
39,358,47725,127.7288201,PORT MELBOURNE GARDEN CITY HALL RESERVE,PARKLANDS AND GARDENS,PORT PHILLIP
39,358,47737,575.6137506,PORT MELBOURNE MUNICIPAL PARK,PARKLANDS AND GARDENS,PORT PHILLIP
39,358,50638,424.6445256,RENFREY GARDENS - ST KILDA,PARKLANDS AND GARDENS,PORT PHILLIP
39,358,51117,193.4077354,ROBINSON GARDENS - ELWOOD,PARKLANDS AND GARDENS,PORT PHILLIP
39,358,51118,363.7424483,ROBINSON GARDENS - ELWOOD,PARKLANDS AND GARDENS,PORT PHILLIP
39,358,53149,537.1591137,ST VINCENT GARDENS - SOUTH MELBOURNE,PARKLANDS AND GARDENS,PORT PHILLIP
39,358,53150,575.8845141,ST VINCENT GARDENS - SOUTH MELBOURNE,PARKLANDS AND GARDENS,PORT PHILLIP
39,358,52532,624.0470292,SMITH RESERVE - PORT MELBOURNE LIGHT RAIL PARKLANDS,PARKLANDS AND GARDENS,PORT PHILLIP
39,358,53128,1057.774021,ST KILDA BOTANICAL GARDENS,PARKLANDS AND GARDENS,PORT PHILLIP
39,358,52701,309.4851313,SOL GREEN RESERVE,PARKLANDS AND GARDENS,PORT PHILLIP
39,358,52723,141.1037562,SOUTH AFRICAN WAR MEMORIAL - MELBOURNE,PARKLANDS AND GARDENS,PORT PHILLIP
39,358,54337,353.4678599,TALBOT RESERVE - ST KILDA,PARKLANDS AND GARDENS,PORT PHILLIP
39,358,53891,120.6658998,STURT STREET PUBLIC GARDEN - SOUTH MELBOURNE,PARKLANDS AND GARDENS,PORT PHILLIP
39,358,54833,128.9848828,TENNYSON STREET RESERVE - ELSTERNWICK,PARKLANDS AND GARDENS,PORT PHILLIP
39,358,55634,99.41599001,TURNER RESERVE - PORT MELBOURNE LIGHT RAIL PARKLANDS,PARKLANDS AND GARDENS,PORT PHILLIP
39,358,55632,794.2557097,TURNER RESERVE - PORT MELBOURNE LIGHT RAIL PARKLANDS,PARKLANDS AND GARDENS,PORT PHILLIP
39,358,55633,195.2622387,TURNER RESERVE - PORT MELBOURNE LIGHT RAIL PARKLANDS,PARKLANDS AND GARDENS,PORT PHILLIP
39,358,58447,623.1760533,WALTER RESERVE - PORT MELBOURNE LIGHT RAIL PARKLANDS,PARKLANDS AND GARDENS,PORT PHILLIP
39,358,29038,185.5386082,CLEVE GARDENS,PARKLANDS AND GARDENS,PORT PHILLIP
39,358,90712,195.0327314,CATANI GARDENS - ST KILDA,PARKLANDS AND GARDENS,PORT PHILLIP
39,358,90713,62.36482118,CATANI GARDENS - ST KILDA,PARKLANDS AND GARDENS,PORT PHILLIP
39,358,90714,25.18564421,CATANI GARDENS - ST KILDA,PARKLANDS AND GARDENS,PORT PHILLIP
39,358,90715,226.4638431,CATANI GARDENS - ST KILDA,PARKLANDS AND GARDENS,PORT PHILLIP
32,361,38682,1419.324435,KORUMBURRA CARAVAN NETBALL & PUBLIC PARK,PARKLANDS AND GARDENS,SOUTH GIPPSLAND
32,361,38684,140.1777901,KORUMBURRA CHILDRENS PLAYGROUND,PARKLANDS AND GARDENS,SOUTH GIPPSLAND
32,361,46962,231.4920513,PARKLAND ADJOINING NYORA HALL,PARKLANDS AND GARDENS,SOUTH GIPPSLAND
13,362,36167,806.1433282,HAMILTON BOTANICAL GARDENS,PARKLANDS AND GARDENS,SOUTHERN GRAMPIANS
39,363,30273,380.969514,DAIRY PARK - EAST MALVERN,PARKLANDS AND GARDENS,STONNINGTON
39,363,34864,395.7637709,GLEN IRIS PARK - STONNINGTON,PARKLANDS AND GARDENS,STONNINGTON
39,363,41503,926.6989848,MALVERN PUBLIC GARDENS,PARKLANDS AND GARDENS,STONNINGTON
39,363,46587,1187.113998,OUTER CIRCLE RAILWAY LINEAR PARK - ASHBURTON,PARKLANDS AND GARDENS,STONNINGTON
39,363,52787,452.2221277,SOUTH YARRA SIDING RESERVE,PARKLANDS AND GARDENS,STONNINGTON
39,363,53116,152.4058108,ST EDMONDS GROVE PLAYGROUND - GLEN IRIS,PARKLANDS AND GARDENS,STONNINGTON
39,363,61437,535.5188995,WINIFRED CRESCENT RESERVE,PARKLANDS AND GARDENS,STONNINGTON
39,363,61438,104.2773078,WINIFRED CRESCENT RESERVE,PARKLANDS AND GARDENS,STONNINGTON
39,363,61439,161.2649976,WINIFRED CRESCENT RESERVE,PARKLANDS AND GARDENS,STONNINGTON
39,363,61440,422.0960953,WINIFRED CRESCENT RESERVE,PARKLANDS AND GARDENS,STONNINGTON
37,365,28720,163.5214044,CHARLES STREET LAND,PARKLANDS AND GARDENS,SURF COAST
37,365,45825,199.2259784,NORTH LORNE PARKLANDS,PARKLANDS AND GARDENS,SURF COAST
37,365,45827,5268.006086,NORTH LORNE PARKLANDS,PARKLANDS AND GARDENS,SURF COAST
37,365,45828,884.6275423,NORTH LORNE PARKLANDS,PARKLANDS AND GARDENS,SURF COAST
37,365,49138,622.6733084,QUEENS PARK1,PARKLANDS AND GARDENS,SURF COAST
37,365,49139,361.4718455,QUEENS PARK1,PARKLANDS AND GARDENS,SURF COAST
37,365,49140,1549.477097,QUEENS PARK1,PARKLANDS AND GARDENS,SURF COAST
37,365,49141,67.68349476,QUEENS PARK1,PARKLANDS AND GARDENS,SURF COAST
37,365,49142,194.7550747,QUEENS PARK1,PARKLANDS AND GARDENS,SURF COAST
37,365,49143,4893.528227,QUEENS PARK1,PARKLANDS AND GARDENS,SURF COAST
37,365,49144,862.3586242,QUEENS PARK1,PARKLANDS AND GARDENS,SURF COAST
37,365,49145,2114.036948,QUEENS PARK1,PARKLANDS AND GARDENS,SURF COAST
37,365,49146,2553.557369,QUEENS PARK1,PARKLANDS AND GARDENS,SURF COAST
37,365,49147,254.1517728,QUEENS PARK1,PARKLANDS AND GARDENS,SURF COAST
37,365,49148,260.3816947,QUEENS PARK1,PARKLANDS AND GARDENS,SURF COAST
37,365,45826,3697.090327,NORTH LORNE PARKLANDS,PARKLANDS AND GARDENS,SURF COAST
38,368,21362,712.145479,APEX PARK - WANGARATTA,PARKLANDS AND GARDENS,WANGARATTA
38,368,38265,473.4272584,KING GEORGE GARDENS - WANGARATTA,PARKLANDS AND GARDENS,WANGARATTA
38,368,42562,2890.103473,MERRIWA PARK RESERVE,PARKLANDS AND GARDENS,WANGARATTA
38,368,42563,179.8780644,MERRIWA PARK RESERVE,PARKLANDS AND GARDENS,WANGARATTA
38,368,42564,212.574565,MERRIWA PARK RESERVE,PARKLANDS AND GARDENS,WANGARATTA
38,368,46860,264.0070999,OXLEY SOLDIERS MEMORIAL PLANTATION,PARKLANDS AND GARDENS,WANGARATTA
9,369,32718,493.0971005,EJ KING PARK - WARRNAMBOOL,PARKLANDS AND GARDENS,WARRNAMBOOL
9,369,32719,144.0705105,EJ KING PARK - WARRNAMBOOL,PARKLANDS AND GARDENS,WARRNAMBOOL
9,369,58927,301.0004445,WARRNAMBOOL OPEN SPACE (MERRI ST),PARKLANDS AND GARDENS,WARRNAMBOOL
9,369,58885,1203.03386,WARRNAMBOOL BOTANICAL GARDENS RESERVE,PARKLANDS AND GARDENS,WARRNAMBOOL
20,370,39068,19.96941193,LAKE GUTHRIDGE1,PARKLANDS AND GARDENS,WELLINGTON
39,373,21420,514.2993203,AQUEDUCT RESERVE - BUNDOORA,PARKLANDS AND GARDENS,WHITTLESEA
39,373,25909,345.8666142,C MACDONALD RESERVE - WHITTLESEA PARK,PARKLANDS AND GARDENS,WHITTLESEA
39,373,25550,217.6971935,BUNDOORA PUBLIC PARK,PARKLANDS AND GARDENS,WHITTLESEA
39,375,25313,758.347351,BULBAN PARK - LITTLE RIVER,PARKLANDS AND GARDENS,WYNDHAM
39,375,37968,532.608244,KELLY PARK RESERVE - WERRIBEE,PARKLANDS AND GARDENS,WYNDHAM
39,375,51338,945.0267538,ROTHWELL RESERVE - LITTLE RIVER,PARKLANDS AND GARDENS,WYNDHAM
39,375,60652,2301.294695,WERRIBEE OPEN RANGE ZOO,PARKLANDS AND GARDENS,WYNDHAM
39,375,60653,5233.615055,WERRIBEE OPEN RANGE ZOO,PARKLANDS AND GARDENS,WYNDHAM
39,375,60654,3155.198893,WERRIBEE OPEN RANGE ZOO,PARKLANDS AND GARDENS,WYNDHAM
39,375,60655,3464.253909,WERRIBEE OPEN RANGE ZOO,PARKLANDS AND GARDENS,WYNDHAM
39,375,60656,537.453158,WERRIBEE OPEN RANGE ZOO,PARKLANDS AND GARDENS,WYNDHAM
39,375,60657,134.8465131,WERRIBEE PARK MANSION,PARKLANDS AND GARDENS,WYNDHAM
39,375,60658,990.7262955,WERRIBEE PARK MANSION,PARKLANDS AND GARDENS,WYNDHAM
39,375,60661,391.8556964,WERRIBEE PUBLIC GARDEN RESERVE,PARKLANDS AND GARDENS,WYNDHAM
39,376,21029,1005.495739,AIDS MEMORIAL GARDEN - FAIRFIELD,PARKLANDS AND GARDENS,YARRA
39,376,20431,45.64928304,YARRA RIVER FRONTAGE PARKLAND - YARRA,PARKLANDS AND GARDENS,YARRA
39,376,20432,36.79237601,YARRA RIVER FRONTAGE PARKLAND - YARRA,PARKLANDS AND GARDENS,YARRA
39,376,20433,147.1417561,YARRA RIVER FRONTAGE PARKLAND - YARRA,PARKLANDS AND GARDENS,YARRA
39,376,20434,102.9714354,YARRA RIVER FRONTAGE PARKLAND - YARRA,PARKLANDS AND GARDENS,YARRA
39,376,20435,212.7996555,YARRA RIVER FRONTAGE PARKLAND - YARRA,PARKLANDS AND GARDENS,YARRA
39,376,20436,132.0298722,YARRA RIVER FRONTAGE PARKLAND - YARRA,PARKLANDS AND GARDENS,YARRA
39,376,20437,191.7850643,YARRA RIVER FRONTAGE PARKLAND - YARRA,PARKLANDS AND GARDENS,YARRA
39,376,20438,1447.852161,YARRA RIVER FRONTAGE PARKLAND - YARRA,PARKLANDS AND GARDENS,YARRA
39,376,20439,180.602424,YARRA RIVER FRONTAGE PARKLAND - YARRA,PARKLANDS AND GARDENS,YARRA
39,376,20440,27.19096093,YARRA RIVER FRONTAGE PARKLAND - YARRA,PARKLANDS AND GARDENS,YARRA
39,376,20443,71.79887921,YARRA RIVER PARKLANDS - LOYS PADDOCK,PARKLANDS AND GARDENS,YARRA
39,376,22766,729.5079862,BARKLY GARDENS - RICHMOND,PARKLANDS AND GARDENS,YARRA
39,376,22767,241.8941412,BARKLY GARDENS - RICHMOND,PARKLANDS AND GARDENS,YARRA
39,376,23823,101.7473964,BEST STREET (PIEDMONTS CORNER) PARK - NORTH FITZROY,PARKLANDS AND GARDENS,YARRA
39,376,28718,150.186321,CHARLES EVANS RESERVE - RICHMOND,PARKLANDS AND GARDENS,YARRA
39,376,28925,212.9942478,CHURCH STREET PARK - RICHMOND,PARKLANDS AND GARDENS,YARRA
39,376,28926,40.53694168,CHURCH STREET PARK - RICHMOND,PARKLANDS AND GARDENS,YARRA
39,376,30221,523.4380633,CURTAIN SQUARE - CARLTON NORTH,PARKLANDS AND GARDENS,YARRA
39,376,29756,218.3133915,COULSON & KNOTTS PARKLAND - NORTHCOTE,PARKLANDS AND GARDENS,YARRA
39,376,29455,1234.843343,COLLINGWOOD CHILDRENS FARM,PARKLANDS AND GARDENS,YARRA
39,376,29456,856.8480953,COLLINGWOOD CHILDRENS FARM,PARKLANDS AND GARDENS,YARRA
39,376,29457,257.8726394,COLLINGWOOD CHILDRENS FARM,PARKLANDS AND GARDENS,YARRA
39,376,29458,182.1804855,COLLINGWOOD CHILDRENS FARM,PARKLANDS AND GARDENS,YARRA
39,376,30512,1203.903308,DARLING GARDENS - CLIFTON HILL,PARKLANDS AND GARDENS,YARRA
39,376,32686,601.6600933,EDINBURGH GARDENS - FITZROY NORTH,PARKLANDS AND GARDENS,YARRA
39,376,32687,429.5154928,EDINBURGH GARDENS - FITZROY NORTH,PARKLANDS AND GARDENS,YARRA
39,376,32328,84.52587019,DURHAM ST RESERVE - RICHMOND,PARKLANDS AND GARDENS,YARRA
39,376,33540,265.6364883,FLOCKHART RESERVE - RICHMOND,PARKLANDS AND GARDENS,YARRA
39,376,33541,285.8575663,FLOCKHART RESERVE - RICHMOND,PARKLANDS AND GARDENS,YARRA
39,376,33162,519.0111897,FAIRFIELD PARKLAND,PARKLANDS AND GARDENS,YARRA
39,376,33163,170.9158861,FAIRFIELD PARKLAND,PARKLANDS AND GARDENS,YARRA
39,376,35768,117.4586729,GRAY ST RESERVE - CLIFTON HILL,PARKLANDS AND GARDENS,YARRA
39,376,35259,381.8360421,GOLDEN SQUARE BICENTENNIAL PARK - BURNLEY,PARKLANDS AND GARDENS,YARRA
39,376,36321,532.5357189,HARDY RESERVE - PRINCES HILL,PARKLANDS AND GARDENS,YARRA
39,376,36322,485.490007,HARDY RESERVE - PRINCES HILL,PARKLANDS AND GARDENS,YARRA
39,376,41800,814.9922428,MCCONCHIE RESERVE - RICHMOND,PARKLANDS AND GARDENS,YARRA
39,376,41801,760.5051989,MCCONCHIE RESERVE - RICHMOND,PARKLANDS AND GARDENS,YARRA
39,376,41802,64.24572107,MCCONCHIE RESERVE - RICHMOND,PARKLANDS AND GARDENS,YARRA
39,376,42454,1417.857223,MERRI CREEK RECREATION RESERVE,PARKLANDS AND GARDENS,YARRA
39,376,42455,173.6235322,MERRI CREEK RECREATION RESERVE,PARKLANDS AND GARDENS,YARRA
39,376,42456,424.8761754,MERRI CREEK RECREATION RESERVE,PARKLANDS AND GARDENS,YARRA
39,376,42457,127.7175788,MERRI CREEK RECREATION RESERVE,PARKLANDS AND GARDENS,YARRA
39,376,50931,277.0098603,RICHMOND PARK - PARKLAND,PARKLANDS AND GARDENS,YARRA
39,376,55534,88.19185646,TRIANGLE PARK - NORTH FITZROY,PARKLANDS AND GARDENS,YARRA
39,376,55535,145.5187438,TRIANGLE PARK - NORTH FITZROY,PARKLANDS AND GARDENS,YARRA
39,376,62265,141.2898599,YARRA RIVER FRONTAGE PARKLAND - YARRA,PARKLANDS AND GARDENS,YARRA
39,376,62266,317.2448883,YARRA RIVER FRONTAGE PARKLAND - YARRA,PARKLANDS AND GARDENS,YARRA
39,376,62267,189.0196181,YARRA RIVER FRONTAGE PARKLAND - YARRA,PARKLANDS AND GARDENS,YARRA
39,376,62268,186.9300876,YARRA RIVER FRONTAGE PARKLAND - YARRA,PARKLANDS AND GARDENS,YARRA
39,376,62269,43.62156894,YARRA RIVER FRONTAGE PARKLAND - YARRA,PARKLANDS AND GARDENS,YARRA
39,376,62270,318.266291,YARRA RIVER FRONTAGE PARKLAND - YARRA,PARKLANDS AND GARDENS,YARRA
39,376,62271,643.5740978,YARRA RIVER FRONTAGE PARKLAND - YARRA,PARKLANDS AND GARDENS,YARRA
39,376,62272,245.1045429,YARRA RIVER FRONTAGE PARKLAND - YARRA,PARKLANDS AND GARDENS,YARRA
39,376,62278,1755.569305,YARRA RIVER PARKLANDS - LOYS PADDOCK,PARKLANDS AND GARDENS,YARRA
39,376,62279,219.5413674,YARRA RIVER PARKLANDS - LOYS PADDOCK,PARKLANDS AND GARDENS,YARRA
39,376,50932,86.92301318,RICHMOND PARK - PARKLAND,PARKLANDS AND GARDENS,YARRA
32,377,33344,578.6986627,FERNY CREEK ORNAMENTAL GARDENS,PARKLANDS AND GARDENS,YARRA RANGES
32,377,33345,684.0938505,FERNY CREEK ORNAMENTAL GARDENS,PARKLANDS AND GARDENS,YARRA RANGES
32,377,35880,156.9070703,GREEN TREES RESERVE,PARKLANDS AND GARDENS,YARRA RANGES
32,377,36435,206.2445457,HEALESVILLE COMMUNITY PLACE,PARKLANDS AND GARDENS,YARRA RANGES
32,377,40056,320.0556329,LIONS COMMUNITY PARK,PARKLANDS AND GARDENS,YARRA RANGES
32,377,45216,266.0306921,NATIONAL RHODODENDRON GARDEN,PARKLANDS AND GARDENS,YARRA RANGES
32,377,49130,826.7790298,QUEENS PARK HEALESVILLE (PARKLAND),PARKLANDS AND GARDENS,YARRA RANGES
32,377,51277,184.0693117,ROMA RESERVE,PARKLANDS AND GARDENS,YARRA RANGES
32,377,61168,67.40738431,WILLIAM RICKETTS SANCTUARY,PARKLANDS AND GARDENS,YARRA RANGES
32,377,61169,313.9345476,WILLIAM RICKETTS SANCTUARY,PARKLANDS AND GARDENS,YARRA RANGES
32,377,62324,161.3667595,YARRA SQUARE CHILDREN'S PLAYGROUND,PARKLANDS AND GARDENS,YARRA RANGES
32,382,37533,101.0525026,JAMIESON PUBLIC PARK,PARKLANDS AND GARDENS,MANSFIELD
32,382,37552,198.7806207,JAMIESON SCHOOL ARBORETUM,PARKLANDS AND GARDENS,MANSFIELD
32,382,37553,209.1713447,JAMIESON SCHOOL ARBORETUM,PARKLANDS AND GARDENS,MANSFIELD